Country Name,Country Code,Time,Time Code,Government Effectiveness: Estimate [GE.EST]
Afghanistan,AFG,2010,YR2010,-1.454683
Afghanistan,AFG,2011,YR2011,-1.448488
Afghanistan,AFG,2012,YR2012,-1.36014
Afghanistan,AFG,2013,YR2013,-1.38493
Afghanistan,AFG,2014,YR2014,-1.331396
Afghanistan,AFG,2015,YR2015,-1.322968
Afghanistan,AFG,2016,YR2016,-1.226363
Afghanistan,AFG,2017,YR2017,-1.33461
Albania,ALB,2010,YR2010,-0.2827555
Albania,ALB,2011,YR2011,-0.208207
Albania,ALB,2012,YR2012,-0.2677997
Albania,ALB,2013,YR2013,-0.3169199
Albania,ALB,2014,YR2014,-0.0855579
Albania,ALB,2015,YR2015,0.0102911
Albania,ALB,2016,YR2016,0.0132704
Albania,ALB,2017,YR2017,0.0837741
Algeria,DZA,2010,YR2010,-0.4795416
Algeria,DZA,2011,YR2011,-0.5646155
Algeria,DZA,2012,YR2012,-0.5323191
Algeria,DZA,2013,YR2013,-0.5341949
Algeria,DZA,2014,YR2014,-0.4775529
Algeria,DZA,2015,YR2015,-0.5008814
Algeria,DZA,2016,YR2016,-0.5311597
Algeria,DZA,2017,YR2017,-0.5891593
American Samoa,ASM,2010,YR2010,0.4928478
American Samoa,ASM,2011,YR2011,0.4868821
American Samoa,ASM,2012,YR2012,0.4859672
American Samoa,ASM,2013,YR2013,0.4905606
American Samoa,ASM,2014,YR2014,0.441491
American Samoa,ASM,2015,YR2015,0.4874166
American Samoa,ASM,2016,YR2016,0.5313401
American Samoa,ASM,2017,YR2017,0.5605542
Andorra,AND,2010,YR2010,1.518033
Andorra,AND,2011,YR2011,1.504689
Andorra,AND,2012,YR2012,1.531356
Andorra,AND,2013,YR2013,1.539397
Andorra,AND,2014,YR2014,1.718336
Andorra,AND,2015,YR2015,1.787205
Andorra,AND,2016,YR2016,1.860587
Andorra,AND,2017,YR2017,1.937282
Angola,AGO,2010,YR2010,-1.117896
Angola,AGO,2011,YR2011,-1.153556
Angola,AGO,2012,YR2012,-0.9896317
Angola,AGO,2013,YR2013,-1.223171
Angola,AGO,2014,YR2014,-1.123669
Angola,AGO,2015,YR2015,-1.000103
Angola,AGO,2016,YR2016,-1.035903
Angola,AGO,2017,YR2017,-1.025313
Anguilla,AIA,2010,YR2010,1.518033
Anguilla,AIA,2011,YR2011,1.504689
Anguilla,AIA,2012,YR2012,1.531356
Anguilla,AIA,2013,YR2013,1.539397
Anguilla,AIA,2014,YR2014,0.952229
Anguilla,AIA,2015,YR2015,1.007332
Anguilla,AIA,2016,YR2016,1.328888
Anguilla,AIA,2017,YR2017,0.8358998
Antigua and Barbuda,ATG,2010,YR2010,0.4928478
Antigua and Barbuda,ATG,2011,YR2011,0.4868821
Antigua and Barbuda,ATG,2012,YR2012,0.4859672
Antigua and Barbuda,ATG,2013,YR2013,0.4905606
Antigua and Barbuda,ATG,2014,YR2014,-0.0692469
Antigua and Barbuda,ATG,2015,YR2015,0.227459
Antigua and Barbuda,ATG,2016,YR2016,0.2654906
Antigua and Barbuda,ATG,2017,YR2017,0.009863
Argentina,ARG,2010,YR2010,-0.16279
Argentina,ARG,2011,YR2011,-0.1200561
Argentina,ARG,2012,YR2012,-0.2385752
Argentina,ARG,2013,YR2013,-0.2775489
Argentina,ARG,2014,YR2014,-0.1591353
Argentina,ARG,2015,YR2015,-0.0750081
Argentina,ARG,2016,YR2016,0.1621292
Argentina,ARG,2017,YR2017,0.149542
Armenia,ARM,2010,YR2010,-0.1838435
Armenia,ARM,2011,YR2011,-0.1289589
Armenia,ARM,2012,YR2012,-0.0422713
Armenia,ARM,2013,YR2013,0.0690115
Armenia,ARM,2014,YR2014,-0.1980509
Armenia,ARM,2015,YR2015,-0.1608088
Armenia,ARM,2016,YR2016,-0.1581753
Armenia,ARM,2017,YR2017,-0.1043894
Aruba,ABW,2010,YR2010,1.251719
Aruba,ABW,2011,YR2011,1.242131
Aruba,ABW,2012,YR2012,1.254732
Aruba,ABW,2013,YR2013,1.227074
Aruba,ABW,2014,YR2014,0.8916514
Aruba,ABW,2015,YR2015,0.8835687
Aruba,ABW,2016,YR2016,0.8932294
Aruba,ABW,2017,YR2017,0.9177416
Australia,AUS,2010,YR2010,1.768756
Australia,AUS,2011,YR2011,1.69595
Australia,AUS,2012,YR2012,1.62144
Australia,AUS,2013,YR2013,1.639869
Australia,AUS,2014,YR2014,1.607115
Australia,AUS,2015,YR2015,1.564534
Australia,AUS,2016,YR2016,1.568509
Australia,AUS,2017,YR2017,1.535514
Austria,AUT,2010,YR2010,1.841763
Austria,AUT,2011,YR2011,1.617761
Austria,AUT,2012,YR2012,1.575873
Austria,AUT,2013,YR2013,1.588477
Austria,AUT,2014,YR2014,1.572586
Austria,AUT,2015,YR2015,1.479127
Austria,AUT,2016,YR2016,1.511905
Austria,AUT,2017,YR2017,1.461261
Azerbaijan,AZE,2010,YR2010,-0.8069344
Azerbaijan,AZE,2011,YR2011,-0.7651483
Azerbaijan,AZE,2012,YR2012,-0.7826402
Azerbaijan,AZE,2013,YR2013,-0.4750386
Azerbaijan,AZE,2014,YR2014,-0.3638154
Azerbaijan,AZE,2015,YR2015,-0.2573686
Azerbaijan,AZE,2016,YR2016,-0.1656132
Azerbaijan,AZE,2017,YR2017,-0.1682509
"Bahamas, The",BHS,2010,YR2010,1.075746
"Bahamas, The",BHS,2011,YR2011,0.9800856
"Bahamas, The",BHS,2012,YR2012,0.9895768
"Bahamas, The",BHS,2013,YR2013,0.872555
"Bahamas, The",BHS,2014,YR2014,0.7289602
"Bahamas, The",BHS,2015,YR2015,0.7127459
"Bahamas, The",BHS,2016,YR2016,0.7195333
"Bahamas, The",BHS,2017,YR2017,0.5770623
Bahrain,BHR,2010,YR2010,0.456938
Bahrain,BHR,2011,YR2011,0.5206671
Bahrain,BHR,2012,YR2012,0.5497593
Bahrain,BHR,2013,YR2013,0.588787
Bahrain,BHR,2014,YR2014,0.5650396
Bahrain,BHR,2015,YR2015,0.5598009
Bahrain,BHR,2016,YR2016,0.3278428
Bahrain,BHR,2017,YR2017,0.1939208
Bangladesh,BGD,2010,YR2010,-0.7356325
Bangladesh,BGD,2011,YR2011,-0.755215
Bangladesh,BGD,2012,YR2012,-0.8041654
Bangladesh,BGD,2013,YR2013,-0.7938247
Bangladesh,BGD,2014,YR2014,-0.7657504
Bangladesh,BGD,2015,YR2015,-0.7236189
Bangladesh,BGD,2016,YR2016,-0.678659
Bangladesh,BGD,2017,YR2017,-0.7334504
Barbados,BRB,2010,YR2010,1.411678
Barbados,BRB,2011,YR2011,1.470894
Barbados,BRB,2012,YR2012,1.462176
Barbados,BRB,2013,YR2013,1.357322
Barbados,BRB,2014,YR2014,1.204714
Barbados,BRB,2015,YR2015,1.025177
Barbados,BRB,2016,YR2016,1.082172
Barbados,BRB,2017,YR2017,0.8423941
Belarus,BLR,2010,YR2010,-1.114167
Belarus,BLR,2011,YR2011,-1.077807
Belarus,BLR,2012,YR2012,-0.9016269
Belarus,BLR,2013,YR2013,-0.8968143
Belarus,BLR,2014,YR2014,-0.4861701
Belarus,BLR,2015,YR2015,-0.4588384
Belarus,BLR,2016,YR2016,-0.4779201
Belarus,BLR,2017,YR2017,-0.3379301
Belgium,BEL,2010,YR2010,1.575026
Belgium,BEL,2011,YR2011,1.656356
Belgium,BEL,2012,YR2012,1.602476
Belgium,BEL,2013,YR2013,1.607339
Belgium,BEL,2014,YR2014,1.381594
Belgium,BEL,2015,YR2015,1.438441
Belgium,BEL,2016,YR2016,1.326213
Belgium,BEL,2017,YR2017,1.181693
Belize,BLZ,2010,YR2010,-0.4300884
Belize,BLZ,2011,YR2011,-0.3809695
Belize,BLZ,2012,YR2012,-0.32469
Belize,BLZ,2013,YR2013,-0.329107
Belize,BLZ,2014,YR2014,-0.6573147
Belize,BLZ,2015,YR2015,-0.6841977
Belize,BLZ,2016,YR2016,-0.6759179
Belize,BLZ,2017,YR2017,-0.6364971
Benin,BEN,2010,YR2010,-0.5946886
Benin,BEN,2011,YR2011,-0.5458966
Benin,BEN,2012,YR2012,-0.5152873
Benin,BEN,2013,YR2013,-0.4894403
Benin,BEN,2014,YR2014,-0.4568181
Benin,BEN,2015,YR2015,-0.6196358
Benin,BEN,2016,YR2016,-0.5641903
Benin,BEN,2017,YR2017,-0.648205
Bermuda,BMU,2010,YR2010,1.00544
Bermuda,BMU,2011,YR2011,0.9957858
Bermuda,BMU,2012,YR2012,1.008661
Bermuda,BMU,2013,YR2013,1.014979
Bermuda,BMU,2014,YR2014,0.952229
Bermuda,BMU,2015,YR2015,1.007332
Bermuda,BMU,2016,YR2016,1.328888
Bermuda,BMU,2017,YR2017,1.386591
Bhutan,BTN,2010,YR2010,0.5846536
Bhutan,BTN,2011,YR2011,0.6326249
Bhutan,BTN,2012,YR2012,0.5126127
Bhutan,BTN,2013,YR2013,0.4004478
Bhutan,BTN,2014,YR2014,0.2561472
Bhutan,BTN,2015,YR2015,0.406338
Bhutan,BTN,2016,YR2016,0.5005098
Bhutan,BTN,2017,YR2017,0.5712876
Bolivia,BOL,2010,YR2010,-0.5023107
Bolivia,BOL,2011,YR2011,-0.472497
Bolivia,BOL,2012,YR2012,-0.3686716
Bolivia,BOL,2013,YR2013,-0.3865935
Bolivia,BOL,2014,YR2014,-0.5877074
Bolivia,BOL,2015,YR2015,-0.6519912
Bolivia,BOL,2016,YR2016,-0.5670627
Bolivia,BOL,2017,YR2017,-0.3831694
Bosnia and Herzegovina,BIH,2010,YR2010,-0.7410704
Bosnia and Herzegovina,BIH,2011,YR2011,-0.7432485
Bosnia and Herzegovina,BIH,2012,YR2012,-0.4572612
Bosnia and Herzegovina,BIH,2013,YR2013,-0.4347017
Bosnia and Herzegovina,BIH,2014,YR2014,-0.4511423
Bosnia and Herzegovina,BIH,2015,YR2015,-0.5452667
Bosnia and Herzegovina,BIH,2016,YR2016,-0.3934374
Bosnia and Herzegovina,BIH,2017,YR2017,-0.4818313
Botswana,BWA,2010,YR2010,0.4473519
Botswana,BWA,2011,YR2011,0.4605835
Botswana,BWA,2012,YR2012,0.4822128
Botswana,BWA,2013,YR2013,0.4141677
Botswana,BWA,2014,YR2014,0.3524033
Botswana,BWA,2015,YR2015,0.5019405
Botswana,BWA,2016,YR2016,0.5298322
Botswana,BWA,2017,YR2017,0.4369733
Brazil,BRA,2010,YR2010,-0.0353412
Brazil,BRA,2011,YR2011,-0.1165466
Brazil,BRA,2012,YR2012,-0.1281734
Brazil,BRA,2013,YR2013,-0.0928867
Brazil,BRA,2014,YR2014,-0.1393555
Brazil,BRA,2015,YR2015,-0.18409
Brazil,BRA,2016,YR2016,-0.1737783
Brazil,BRA,2017,YR2017,-0.2910038
Brunei Darussalam,BRN,2010,YR2010,0.9018937
Brunei Darussalam,BRN,2011,YR2011,0.8970225
Brunei Darussalam,BRN,2012,YR2012,0.8435253
Brunei Darussalam,BRN,2013,YR2013,0.8697733
Brunei Darussalam,BRN,2014,YR2014,1.086335
Brunei Darussalam,BRN,2015,YR2015,1.059952
Brunei Darussalam,BRN,2016,YR2016,1.084177
Brunei Darussalam,BRN,2017,YR2017,1.144335
Bulgaria,BGR,2010,YR2010,0.1148352
Bulgaria,BGR,2011,YR2011,0.1100856
Bulgaria,BGR,2012,YR2012,0.1418881
Bulgaria,BGR,2013,YR2013,0.1573445
Bulgaria,BGR,2014,YR2014,0.0787379
Bulgaria,BGR,2015,YR2015,0.2086831
Bulgaria,BGR,2016,YR2016,0.2958971
Bulgaria,BGR,2017,YR2017,0.2601942
Burkina Faso,BFA,2010,YR2010,-0.5688464
Burkina Faso,BFA,2011,YR2011,-0.559046
Burkina Faso,BFA,2012,YR2012,-0.623989
Burkina Faso,BFA,2013,YR2013,-0.6608419
Burkina Faso,BFA,2014,YR2014,-0.5788296
Burkina Faso,BFA,2015,YR2015,-0.6194581
Burkina Faso,BFA,2016,YR2016,-0.5641686
Burkina Faso,BFA,2017,YR2017,-0.5799432
Burundi,BDI,2010,YR2010,-1.100945
Burundi,BDI,2011,YR2011,-1.063229
Burundi,BDI,2012,YR2012,-1.320103
Burundi,BDI,2013,YR2013,-1.064957
Burundi,BDI,2014,YR2014,-1.129147
Burundi,BDI,2015,YR2015,-1.184265
Burundi,BDI,2016,YR2016,-1.441686
Burundi,BDI,2017,YR2017,-1.341107
Cabo Verde,CPV,2010,YR2010,-0.0159267
Cabo Verde,CPV,2011,YR2011,0.1546475
Cabo Verde,CPV,2012,YR2012,0.1205737
Cabo Verde,CPV,2013,YR2013,0.0969095
Cabo Verde,CPV,2014,YR2014,0.069981
Cabo Verde,CPV,2015,YR2015,0.1674934
Cabo Verde,CPV,2016,YR2016,0.12505
Cabo Verde,CPV,2017,YR2017,0.1679305
Cambodia,KHM,2010,YR2010,-0.9429888
Cambodia,KHM,2011,YR2011,-0.862749
Cambodia,KHM,2012,YR2012,-0.815832
Cambodia,KHM,2013,YR2013,-0.9061814
Cambodia,KHM,2014,YR2014,-0.6889596
Cambodia,KHM,2015,YR2015,-0.6994551
Cambodia,KHM,2016,YR2016,-0.694114
Cambodia,KHM,2017,YR2017,-0.6581384
Cameroon,CMR,2010,YR2010,-0.8900719
Cameroon,CMR,2011,YR2011,-0.8900592
Cameroon,CMR,2012,YR2012,-0.8980061
Cameroon,CMR,2013,YR2013,-0.918752
Cameroon,CMR,2014,YR2014,-0.7910342
Cameroon,CMR,2015,YR2015,-0.7805845
Cameroon,CMR,2016,YR2016,-0.7638641
Cameroon,CMR,2017,YR2017,-0.813673
Canada,CAN,2010,YR2010,1.783194
Canada,CAN,2011,YR2011,1.778378
Canada,CAN,2012,YR2012,1.765713
Canada,CAN,2013,YR2013,1.788732
Canada,CAN,2014,YR2014,1.760523
Canada,CAN,2015,YR2015,1.762081
Canada,CAN,2016,YR2016,1.781461
Canada,CAN,2017,YR2017,1.85416
Cayman Islands,CYM,2010,YR2010,1.251719
Cayman Islands,CYM,2011,YR2011,1.242131
Cayman Islands,CYM,2012,YR2012,1.254732
Cayman Islands,CYM,2013,YR2013,1.227074
Cayman Islands,CYM,2014,YR2014,1.180054
Cayman Islands,CYM,2015,YR2015,1.166785
Cayman Islands,CYM,2016,YR2016,1.182226
Cayman Islands,CYM,2017,YR2017,1.226461
Central African Republic,CAF,2010,YR2010,-1.387743
Central African Republic,CAF,2011,YR2011,-1.282366
Central African Republic,CAF,2012,YR2012,-1.448529
Central African Republic,CAF,2013,YR2013,-1.609883
Central African Republic,CAF,2014,YR2014,-1.848333
Central African Republic,CAF,2015,YR2015,-1.78465
Central African Republic,CAF,2016,YR2016,-1.771704
Central African Republic,CAF,2017,YR2017,-1.765036
Chad,TCD,2010,YR2010,-1.466302
Chad,TCD,2011,YR2011,-1.370537
Chad,TCD,2012,YR2012,-1.488766
Chad,TCD,2013,YR2013,-1.388831
Chad,TCD,2014,YR2014,-1.495927
Chad,TCD,2015,YR2015,-1.461036
Chad,TCD,2016,YR2016,-1.511895
Chad,TCD,2017,YR2017,-1.469803
Chile,CHL,2010,YR2010,1.27253
Chile,CHL,2011,YR2011,1.247598
Chile,CHL,2012,YR2012,1.264068
Chile,CHL,2013,YR2013,1.264524
Chile,CHL,2014,YR2014,1.161332
Chile,CHL,2015,YR2015,1.086102
Chile,CHL,2016,YR2016,1.010753
Chile,CHL,2017,YR2017,0.8435157
China,CHN,2010,YR2010,0.0886487
China,CHN,2011,YR2011,0.0882015
China,CHN,2012,YR2012,0.0234259
China,CHN,2013,YR2013,0.0036481
China,CHN,2014,YR2014,0.3228883
China,CHN,2015,YR2015,0.4078639
China,CHN,2016,YR2016,0.3548748
China,CHN,2017,YR2017,0.4204699
Colombia,COL,2010,YR2010,-0.0592384
Colombia,COL,2011,YR2011,0.0388793
Colombia,COL,2012,YR2012,0.022952
Colombia,COL,2013,YR2013,0.0713581
Colombia,COL,2014,YR2014,-0.1005563
Colombia,COL,2015,YR2015,-0.0361266
Colombia,COL,2016,YR2016,0.0154443
Colombia,COL,2017,YR2017,-0.0738818
Comoros,COM,2010,YR2010,-1.743063
Comoros,COM,2011,YR2011,-1.760505
Comoros,COM,2012,YR2012,-1.550861
Comoros,COM,2013,YR2013,-1.589367
Comoros,COM,2014,YR2014,-1.67404
Comoros,COM,2015,YR2015,-1.522007
Comoros,COM,2016,YR2016,-1.552775
Comoros,COM,2017,YR2017,-1.566743
"Congo, Dem. Rep.",COD,2010,YR2010,-1.735644
"Congo, Dem. Rep.",COD,2011,YR2011,-1.679297
"Congo, Dem. Rep.",COD,2012,YR2012,-1.654935
"Congo, Dem. Rep.",COD,2013,YR2013,-1.47771
"Congo, Dem. Rep.",COD,2014,YR2014,-1.56138
"Congo, Dem. Rep.",COD,2015,YR2015,-1.629201
"Congo, Dem. Rep.",COD,2016,YR2016,-1.510932
"Congo, Dem. Rep.",COD,2017,YR2017,-1.63523
"Congo, Rep.",COG,2010,YR2010,-1.227733
"Congo, Rep.",COG,2011,YR2011,-1.195285
"Congo, Rep.",COG,2012,YR2012,-1.173946
"Congo, Rep.",COG,2013,YR2013,-1.155924
"Congo, Rep.",COG,2014,YR2014,-1.11031
"Congo, Rep.",COG,2015,YR2015,-1.022191
"Congo, Rep.",COG,2016,YR2016,-1.096795
"Congo, Rep.",COG,2017,YR2017,-1.198483
Cook Islands,COK,2010,YR2010,-1.011447
Cook Islands,COK,2011,YR2011,-0.9730711
Cook Islands,COK,2012,YR2012,-0.9988101
Cook Islands,COK,2013,YR2013,-0.9940472
Cook Islands,COK,2014,YR2014,..
Cook Islands,COK,2015,YR2015,..
Cook Islands,COK,2016,YR2016,..
Cook Islands,COK,2017,YR2017,..
Costa Rica,CRI,2010,YR2010,0.3081369
Costa Rica,CRI,2011,YR2011,0.338154
Costa Rica,CRI,2012,YR2012,0.5001248
Costa Rica,CRI,2013,YR2013,0.4823061
Costa Rica,CRI,2014,YR2014,0.3965975
Costa Rica,CRI,2015,YR2015,0.3756126
Costa Rica,CRI,2016,YR2016,0.355468
Costa Rica,CRI,2017,YR2017,0.2485956
Cote d'Ivoire,CIV,2010,YR2010,-1.285643
Cote d'Ivoire,CIV,2011,YR2011,-1.155031
Cote d'Ivoire,CIV,2012,YR2012,-1.098414
Cote d'Ivoire,CIV,2013,YR2013,-0.9257876
Cote d'Ivoire,CIV,2014,YR2014,-0.833844
Cote d'Ivoire,CIV,2015,YR2015,-0.6855241
Cote d'Ivoire,CIV,2016,YR2016,-0.6731305
Cote d'Ivoire,CIV,2017,YR2017,-0.7580353
Croatia,HRV,2010,YR2010,0.6223207
Croatia,HRV,2011,YR2011,0.5612522
Croatia,HRV,2012,YR2012,0.7066917
Croatia,HRV,2013,YR2013,0.7011864
Croatia,HRV,2014,YR2014,0.6929633
Croatia,HRV,2015,YR2015,0.5138493
Croatia,HRV,2016,YR2016,0.4942868
Croatia,HRV,2017,YR2017,0.5713063
Cuba,CUB,2010,YR2010,-0.3614289
Cuba,CUB,2011,YR2011,-0.3753886
Cuba,CUB,2012,YR2012,-0.4049135
Cuba,CUB,2013,YR2013,-0.4397751
Cuba,CUB,2014,YR2014,-0.0467849
Cuba,CUB,2015,YR2015,0.021765
Cuba,CUB,2016,YR2016,-0.1049787
Cuba,CUB,2017,YR2017,-0.181841
Cyprus,CYP,2010,YR2010,1.53183
Cyprus,CYP,2011,YR2011,1.563668
Cyprus,CYP,2012,YR2012,1.391172
Cyprus,CYP,2013,YR2013,1.366624
Cyprus,CYP,2014,YR2014,1.140384
Cyprus,CYP,2015,YR2015,1.04862
Cyprus,CYP,2016,YR2016,0.9609431
Cyprus,CYP,2017,YR2017,0.9199778
Czech Republic,CZE,2010,YR2010,0.9052177
Czech Republic,CZE,2011,YR2011,0.9309797
Czech Republic,CZE,2012,YR2012,0.9289219
Czech Republic,CZE,2013,YR2013,0.89182
Czech Republic,CZE,2014,YR2014,1.017593
Czech Republic,CZE,2015,YR2015,1.046509
Czech Republic,CZE,2016,YR2016,1.036739
Czech Republic,CZE,2017,YR2017,1.005325
Denmark,DNK,2010,YR2010,2.09679
Denmark,DNK,2011,YR2011,2.101079
Denmark,DNK,2012,YR2012,1.984567
Denmark,DNK,2013,YR2013,1.992455
Denmark,DNK,2014,YR2014,1.819007
Denmark,DNK,2015,YR2015,1.847929
Denmark,DNK,2016,YR2016,1.876054
Denmark,DNK,2017,YR2017,1.796943
Djibouti,DJI,2010,YR2010,-0.9720984
Djibouti,DJI,2011,YR2011,-0.9478842
Djibouti,DJI,2012,YR2012,-1.063123
Djibouti,DJI,2013,YR2013,-0.9622945
Djibouti,DJI,2014,YR2014,-0.9743846
Djibouti,DJI,2015,YR2015,-0.9543255
Djibouti,DJI,2016,YR2016,-0.9739625
Djibouti,DJI,2017,YR2017,-1.031035
Dominica,DMA,2010,YR2010,0.6499092
Dominica,DMA,2011,YR2011,0.6036413
Dominica,DMA,2012,YR2012,0.6611227
Dominica,DMA,2013,YR2013,0.7081782
Dominica,DMA,2014,YR2014,0.0763086
Dominica,DMA,2015,YR2015,0.1173119
Dominica,DMA,2016,YR2016,0.054379
Dominica,DMA,2017,YR2017,-0.253772
Dominican Republic,DOM,2010,YR2010,-0.6435439
Dominican Republic,DOM,2011,YR2011,-0.5907013
Dominican Republic,DOM,2012,YR2012,-0.5102426
Dominican Republic,DOM,2013,YR2013,-0.4675454
Dominican Republic,DOM,2014,YR2014,-0.4352699
Dominican Republic,DOM,2015,YR2015,-0.3573123
Dominican Republic,DOM,2016,YR2016,-0.2637113
Dominican Republic,DOM,2017,YR2017,-0.3700335
Ecuador,ECU,2010,YR2010,-0.7165983
Ecuador,ECU,2011,YR2011,-0.5814193
Ecuador,ECU,2012,YR2012,-0.5048822
Ecuador,ECU,2013,YR2013,-0.501632
Ecuador,ECU,2014,YR2014,-0.4729435
Ecuador,ECU,2015,YR2015,-0.4423296
Ecuador,ECU,2016,YR2016,-0.430313
Ecuador,ECU,2017,YR2017,-0.3218437
"Egypt, Arab Rep.",EGY,2010,YR2010,-0.3705819
"Egypt, Arab Rep.",EGY,2011,YR2011,-0.5683784
"Egypt, Arab Rep.",EGY,2012,YR2012,-0.8084975
"Egypt, Arab Rep.",EGY,2013,YR2013,-0.8773995
"Egypt, Arab Rep.",EGY,2014,YR2014,-0.8226774
"Egypt, Arab Rep.",EGY,2015,YR2015,-0.7694843
"Egypt, Arab Rep.",EGY,2016,YR2016,-0.6595458
"Egypt, Arab Rep.",EGY,2017,YR2017,-0.6196748
El Salvador,SLV,2010,YR2010,0.007418
El Salvador,SLV,2011,YR2011,-0.1028972
El Salvador,SLV,2012,YR2012,-0.1271779
El Salvador,SLV,2013,YR2013,-0.1152254
El Salvador,SLV,2014,YR2014,-0.0327334
El Salvador,SLV,2015,YR2015,-0.2355875
El Salvador,SLV,2016,YR2016,-0.2850141
El Salvador,SLV,2017,YR2017,-0.3649472
Equatorial Guinea,GNQ,2010,YR2010,-1.679618
Equatorial Guinea,GNQ,2011,YR2011,-1.633306
Equatorial Guinea,GNQ,2012,YR2012,-1.606107
Equatorial Guinea,GNQ,2013,YR2013,-1.541717
Equatorial Guinea,GNQ,2014,YR2014,-1.504543
Equatorial Guinea,GNQ,2015,YR2015,-1.417851
Equatorial Guinea,GNQ,2016,YR2016,-1.407993
Equatorial Guinea,GNQ,2017,YR2017,-1.438183
Eritrea,ERI,2010,YR2010,-1.357186
Eritrea,ERI,2011,YR2011,-1.411577
Eritrea,ERI,2012,YR2012,-1.447658
Eritrea,ERI,2013,YR2013,-1.519718
Eritrea,ERI,2014,YR2014,-1.607063
Eritrea,ERI,2015,YR2015,-1.593261
Eritrea,ERI,2016,YR2016,-1.696104
Eritrea,ERI,2017,YR2017,-1.720969
Estonia,EST,2010,YR2010,1.085701
Estonia,EST,2011,YR2011,1.076737
Estonia,EST,2012,YR2012,0.954538
Estonia,EST,2013,YR2013,0.9747753
Estonia,EST,2014,YR2014,1.01668
Estonia,EST,2015,YR2015,1.067978
Estonia,EST,2016,YR2016,1.090857
Estonia,EST,2017,YR2017,1.109357
Eswatini,SWZ,2010,YR2010,-0.5382388
Eswatini,SWZ,2011,YR2011,-0.6832258
Eswatini,SWZ,2012,YR2012,-0.532473
Eswatini,SWZ,2013,YR2013,-0.4481933
Eswatini,SWZ,2014,YR2014,-0.5629535
Eswatini,SWZ,2015,YR2015,-0.5623584
Eswatini,SWZ,2016,YR2016,-0.5783857
Eswatini,SWZ,2017,YR2017,-0.540933
Ethiopia,ETH,2010,YR2010,-0.4322301
Ethiopia,ETH,2011,YR2011,-0.4841617
Ethiopia,ETH,2012,YR2012,-0.4252695
Ethiopia,ETH,2013,YR2013,-0.6069971
Ethiopia,ETH,2014,YR2014,-0.4244817
Ethiopia,ETH,2015,YR2015,-0.6467084
Ethiopia,ETH,2016,YR2016,-0.6383561
Ethiopia,ETH,2017,YR2017,-0.697957
Fiji,FJI,2010,YR2010,-0.7242388
Fiji,FJI,2011,YR2011,-0.7062007
Fiji,FJI,2012,YR2012,-0.8380063
Fiji,FJI,2013,YR2013,-0.8434518
Fiji,FJI,2014,YR2014,-0.3677711
Fiji,FJI,2015,YR2015,-0.2912866
Fiji,FJI,2016,YR2016,-0.2488133
Fiji,FJI,2017,YR2017,0.0923093
Finland,FIN,2010,YR2010,2.22934
Finland,FIN,2011,YR2011,2.241138
Finland,FIN,2012,YR2012,2.220478
Finland,FIN,2013,YR2013,2.174288
Finland,FIN,2014,YR2014,1.998276
Finland,FIN,2015,YR2015,1.813011
Finland,FIN,2016,YR2016,1.828908
Finland,FIN,2017,YR2017,1.936857
France,FRA,2010,YR2010,1.430301
France,FRA,2011,YR2011,1.359144
France,FRA,2012,YR2012,1.340279
France,FRA,2013,YR2013,1.481829
France,FRA,2014,YR2014,1.40317
France,FRA,2015,YR2015,1.436796
France,FRA,2016,YR2016,1.405252
France,FRA,2017,YR2017,1.35209
French Guiana,GUF,2010,YR2010,1.212756
French Guiana,GUF,2011,YR2011,1.185758
French Guiana,GUF,2012,YR2012,1.145516
French Guiana,GUF,2013,YR2013,1.102965
French Guiana,GUF,2014,YR2014,1.128374
French Guiana,GUF,2015,YR2015,1.122616
French Guiana,GUF,2016,YR2016,1.127856
French Guiana,GUF,2017,YR2017,1.377156
Gabon,GAB,2010,YR2010,-0.7721487
Gabon,GAB,2011,YR2011,-0.7950383
Gabon,GAB,2012,YR2012,-0.9048195
Gabon,GAB,2013,YR2013,-0.8308429
Gabon,GAB,2014,YR2014,-0.6441652
Gabon,GAB,2015,YR2015,-0.7336026
Gabon,GAB,2016,YR2016,-0.7920632
Gabon,GAB,2017,YR2017,-0.9252539
"Gambia, The",GMB,2010,YR2010,-0.6788139
"Gambia, The",GMB,2011,YR2011,-0.6078252
"Gambia, The",GMB,2012,YR2012,-0.5124295
"Gambia, The",GMB,2013,YR2013,-0.7053789
"Gambia, The",GMB,2014,YR2014,-0.6698945
"Gambia, The",GMB,2015,YR2015,-0.9034832
"Gambia, The",GMB,2016,YR2016,-0.8419433
"Gambia, The",GMB,2017,YR2017,-0.6465018
Georgia,GEO,2010,YR2010,0.3092597
Georgia,GEO,2011,YR2011,0.5536639
Georgia,GEO,2012,YR2012,0.6058381
Georgia,GEO,2013,YR2013,0.5852123
Georgia,GEO,2014,YR2014,0.4891872
Georgia,GEO,2015,YR2015,0.40453
Georgia,GEO,2016,YR2016,0.5182481
Georgia,GEO,2017,YR2017,0.5819526
Germany,DEU,2010,YR2010,1.571172
Germany,DEU,2011,YR2011,1.554961
Germany,DEU,2012,YR2012,1.593369
Germany,DEU,2013,YR2013,1.54252
Germany,DEU,2014,YR2014,1.731392
Germany,DEU,2015,YR2015,1.73683
Germany,DEU,2016,YR2016,1.734568
Germany,DEU,2017,YR2017,1.719291
Ghana,GHA,2010,YR2010,-0.0378857
Ghana,GHA,2011,YR2011,-0.0504538
Ghana,GHA,2012,YR2012,-0.0485327
Ghana,GHA,2013,YR2013,-0.0983737
Ghana,GHA,2014,YR2014,-0.2808576
Ghana,GHA,2015,YR2015,-0.2221627
Ghana,GHA,2016,YR2016,-0.168311
Ghana,GHA,2017,YR2017,-0.1091871
Greece,GRC,2010,YR2010,0.5560393
Greece,GRC,2011,YR2011,0.5121977
Greece,GRC,2012,YR2012,0.3198002
Greece,GRC,2013,YR2013,0.4592025
Greece,GRC,2014,YR2014,0.3985864
Greece,GRC,2015,YR2015,0.256061
Greece,GRC,2016,YR2016,0.2266778
Greece,GRC,2017,YR2017,0.3133734
Greenland,GRL,2010,YR2010,1.017366
Greenland,GRL,2011,YR2011,1.006678
Greenland,GRL,2012,YR2012,1.002492
Greenland,GRL,2013,YR2013,0.94366
Greenland,GRL,2014,YR2014,0.9203522
Greenland,GRL,2015,YR2015,0.86779
Greenland,GRL,2016,YR2016,0.8428827
Greenland,GRL,2017,YR2017,0.8383756
Grenada,GRD,2010,YR2010,0.1759729
Grenada,GRD,2011,YR2011,0.2278576
Grenada,GRD,2012,YR2012,0.2673911
Grenada,GRD,2013,YR2013,0.2272472
Grenada,GRD,2014,YR2014,-0.1086727
Grenada,GRD,2015,YR2015,-0.1962674
Grenada,GRD,2016,YR2016,-0.1750165
Grenada,GRD,2017,YR2017,-0.1754551
Guam,GUM,2010,YR2010,-0.0197447
Guam,GUM,2011,YR2011,-0.0220216
Guam,GUM,2012,YR2012,-0.0367269
Guam,GUM,2013,YR2013,-0.0338575
Guam,GUM,2014,YR2014,0.441491
Guam,GUM,2015,YR2015,0.4874166
Guam,GUM,2016,YR2016,0.2654906
Guam,GUM,2017,YR2017,0.2852086
Guatemala,GTM,2010,YR2010,-0.697995
Guatemala,GTM,2011,YR2011,-0.69787
Guatemala,GTM,2012,YR2012,-0.7554433
Guatemala,GTM,2013,YR2013,-0.7031401
Guatemala,GTM,2014,YR2014,-0.7288904
Guatemala,GTM,2015,YR2015,-0.7110427
Guatemala,GTM,2016,YR2016,-0.6063933
Guatemala,GTM,2017,YR2017,-0.6404786
Guinea,GIN,2010,YR2010,-1.108981
Guinea,GIN,2011,YR2011,-1.123202
Guinea,GIN,2012,YR2012,-1.268741
Guinea,GIN,2013,YR2013,-1.17368
Guinea,GIN,2014,YR2014,-1.232363
Guinea,GIN,2015,YR2015,-1.14559
Guinea,GIN,2016,YR2016,-1.00586
Guinea,GIN,2017,YR2017,-1.03849
Guinea-Bissau,GNB,2010,YR2010,-1.029506
Guinea-Bissau,GNB,2011,YR2011,-1.028708
Guinea-Bissau,GNB,2012,YR2012,-1.230398
Guinea-Bissau,GNB,2013,YR2013,-1.43311
Guinea-Bissau,GNB,2014,YR2014,-1.583007
Guinea-Bissau,GNB,2015,YR2015,-1.61309
Guinea-Bissau,GNB,2016,YR2016,-1.642998
Guinea-Bissau,GNB,2017,YR2017,-1.76677
Guyana,GUY,2010,YR2010,-0.1062271
Guyana,GUY,2011,YR2011,-0.0817649
Guyana,GUY,2012,YR2012,-0.1147759
Guyana,GUY,2013,YR2013,-0.1158667
Guyana,GUY,2014,YR2014,-0.232317
Guyana,GUY,2015,YR2015,-0.335485
Guyana,GUY,2016,YR2016,-0.3015243
Guyana,GUY,2017,YR2017,-0.2910191
Haiti,HTI,2010,YR2010,-1.629203
Haiti,HTI,2011,YR2011,-1.673318
Haiti,HTI,2012,YR2012,-1.645002
Haiti,HTI,2013,YR2013,-1.576287
Haiti,HTI,2014,YR2014,-2.041475
Haiti,HTI,2015,YR2015,-2.016291
Haiti,HTI,2016,YR2016,-2.078492
Haiti,HTI,2017,YR2017,-2.069752
Honduras,HND,2010,YR2010,-0.6416873
Honduras,HND,2011,YR2011,-0.5353841
Honduras,HND,2012,YR2012,-0.69826
Honduras,HND,2013,YR2013,-0.7286451
Honduras,HND,2014,YR2014,-0.8099896
Honduras,HND,2015,YR2015,-0.821569
Honduras,HND,2016,YR2016,-0.7263504
Honduras,HND,2017,YR2017,-0.508081
"Hong Kong SAR, China",HKG,2010,YR2010,1.680705
"Hong Kong SAR, China",HKG,2011,YR2011,1.650769
"Hong Kong SAR, China",HKG,2012,YR2012,1.834667
"Hong Kong SAR, China",HKG,2013,YR2013,1.745883
"Hong Kong SAR, China",HKG,2014,YR2014,1.832903
"Hong Kong SAR, China",HKG,2015,YR2015,1.909176
"Hong Kong SAR, China",HKG,2016,YR2016,1.842144
"Hong Kong SAR, China",HKG,2017,YR2017,1.902399
Hungary,HUN,2010,YR2010,0.6666696
Hungary,HUN,2011,YR2011,0.6749275
Hungary,HUN,2012,YR2012,0.6288418
Hungary,HUN,2013,YR2013,0.6549682
Hungary,HUN,2014,YR2014,0.5334437
Hungary,HUN,2015,YR2015,0.497252
Hungary,HUN,2016,YR2016,0.4643016
Hungary,HUN,2017,YR2017,0.5221342
Iceland,ISL,2010,YR2010,1.585732
Iceland,ISL,2011,YR2011,1.58326
Iceland,ISL,2012,YR2012,1.491028
Iceland,ISL,2013,YR2013,1.490049
Iceland,ISL,2014,YR2014,1.4914
Iceland,ISL,2015,YR2015,1.492079
Iceland,ISL,2016,YR2016,1.385732
Iceland,ISL,2017,YR2017,1.450544
India,IND,2010,YR2010,0.0259907
India,IND,2011,YR2011,0.0059622
India,IND,2012,YR2012,-0.1709511
India,IND,2013,YR2013,-0.1715367
India,IND,2014,YR2014,-0.2056473
India,IND,2015,YR2015,0.0903423
India,IND,2016,YR2016,0.0751832
India,IND,2017,YR2017,0.0898925
Indonesia,IDN,2010,YR2010,-0.2143052
Indonesia,IDN,2011,YR2011,-0.2594242
Indonesia,IDN,2012,YR2012,-0.2729108
Indonesia,IDN,2013,YR2013,-0.1987486
Indonesia,IDN,2014,YR2014,-0.037205
Indonesia,IDN,2015,YR2015,-0.2406215
Indonesia,IDN,2016,YR2016,0.0076385
Indonesia,IDN,2017,YR2017,0.0408512
"Iran, Islamic Rep.",IRN,2010,YR2010,-0.478802
"Iran, Islamic Rep.",IRN,2011,YR2011,-0.4329986
"Iran, Islamic Rep.",IRN,2012,YR2012,-0.5258462
"Iran, Islamic Rep.",IRN,2013,YR2013,-0.6768538
"Iran, Islamic Rep.",IRN,2014,YR2014,-0.4269208
"Iran, Islamic Rep.",IRN,2015,YR2015,-0.2089159
"Iran, Islamic Rep.",IRN,2016,YR2016,-0.1914144
"Iran, Islamic Rep.",IRN,2017,YR2017,-0.1974445
Iraq,IRQ,2010,YR2010,-1.19709
Iraq,IRQ,2011,YR2011,-1.130675
Iraq,IRQ,2012,YR2012,-1.108618
Iraq,IRQ,2013,YR2013,-1.096113
Iraq,IRQ,2014,YR2014,-1.111157
Iraq,IRQ,2015,YR2015,-1.246434
Iraq,IRQ,2016,YR2016,-1.26753
Iraq,IRQ,2017,YR2017,-1.263284
Ireland,IRL,2010,YR2010,1.349588
Ireland,IRL,2011,YR2011,1.455905
Ireland,IRL,2012,YR2012,1.547128
Ireland,IRL,2013,YR2013,1.485336
Ireland,IRL,2014,YR2014,1.597105
Ireland,IRL,2015,YR2015,1.533082
Ireland,IRL,2016,YR2016,1.331621
Ireland,IRL,2017,YR2017,1.290977
Israel,ISR,2010,YR2010,1.391521
Israel,ISR,2011,YR2011,1.342522
Israel,ISR,2012,YR2012,1.277025
Israel,ISR,2013,YR2013,1.249336
Israel,ISR,2014,YR2014,1.210812
Israel,ISR,2015,YR2015,1.387783
Israel,ISR,2016,YR2016,1.345488
Israel,ISR,2017,YR2017,1.385686
Italy,ITA,2010,YR2010,0.4419097
Italy,ITA,2011,YR2011,0.3775406
Italy,ITA,2012,YR2012,0.4206704
Italy,ITA,2013,YR2013,0.4584835
Italy,ITA,2014,YR2014,0.374144
Italy,ITA,2015,YR2015,0.4479527
Italy,ITA,2016,YR2016,0.5347704
Italy,ITA,2017,YR2017,0.5021274
Jamaica,JAM,2010,YR2010,0.2153889
Jamaica,JAM,2011,YR2011,0.2233723
Jamaica,JAM,2012,YR2012,0.0113846
Jamaica,JAM,2013,YR2013,0.042099
Jamaica,JAM,2014,YR2014,0.1374489
Jamaica,JAM,2015,YR2015,0.2486221
Jamaica,JAM,2016,YR2016,0.4122043
Jamaica,JAM,2017,YR2017,0.4850518
Japan,JPN,2010,YR2010,1.527669
Japan,JPN,2011,YR2011,1.47267
Japan,JPN,2012,YR2012,1.415637
Japan,JPN,2013,YR2013,1.618066
Japan,JPN,2014,YR2014,1.812485
Japan,JPN,2015,YR2015,1.784521
Japan,JPN,2016,YR2016,1.822038
Japan,JPN,2017,YR2017,1.617136
"Jersey, Channel Islands",JEY,2010,YR2010,..
"Jersey, Channel Islands",JEY,2011,YR2011,1.455383
"Jersey, Channel Islands",JEY,2012,YR2012,1.451157
"Jersey, Channel Islands",JEY,2013,YR2013,1.379388
"Jersey, Channel Islands",JEY,2014,YR2014,1.353383
"Jersey, Channel Islands",JEY,2015,YR2015,1.299609
"Jersey, Channel Islands",JEY,2016,YR2016,1.268917
"Jersey, Channel Islands",JEY,2017,YR2017,1.262699
Jordan,JOR,2010,YR2010,0.1036845
Jordan,JOR,2011,YR2011,0.0882191
Jordan,JOR,2012,YR2012,-0.0112745
Jordan,JOR,2013,YR2013,-0.0489184
Jordan,JOR,2014,YR2014,0.116841
Jordan,JOR,2015,YR2015,0.122487
Jordan,JOR,2016,YR2016,0.1337902
Jordan,JOR,2017,YR2017,0.1090764
Kazakhstan,KAZ,2010,YR2010,-0.4361029
Kazakhstan,KAZ,2011,YR2011,-0.4098386
Kazakhstan,KAZ,2012,YR2012,-0.4402449
Kazakhstan,KAZ,2013,YR2013,-0.5327777
Kazakhstan,KAZ,2014,YR2014,-0.0426869
Kazakhstan,KAZ,2015,YR2015,-0.0733154
Kazakhstan,KAZ,2016,YR2016,-0.0670453
Kazakhstan,KAZ,2017,YR2017,0.0061337
Kenya,KEN,2010,YR2010,-0.5571087
Kenya,KEN,2011,YR2011,-0.5665606
Kenya,KEN,2012,YR2012,-0.5232506
Kenya,KEN,2013,YR2013,-0.4572672
Kenya,KEN,2014,YR2014,-0.333344
Kenya,KEN,2015,YR2015,-0.3012509
Kenya,KEN,2016,YR2016,-0.324938
Kenya,KEN,2017,YR2017,-0.3199218
Kiribati,KIR,2010,YR2010,-0.8504627
Kiribati,KIR,2011,YR2011,-0.776412
Kiribati,KIR,2012,YR2012,-0.7958969
Kiribati,KIR,2013,YR2013,-0.769707
Kiribati,KIR,2014,YR2014,-0.5606934
Kiribati,KIR,2015,YR2015,-0.4898249
Kiribati,KIR,2016,YR2016,-0.4338206
Kiribati,KIR,2017,YR2017,-0.2459837
"Korea, Dem. People’s Rep.",PRK,2010,YR2010,-1.86628
"Korea, Dem. People’s Rep.",PRK,2011,YR2011,-1.871275
"Korea, Dem. People’s Rep.",PRK,2012,YR2012,-1.911015
"Korea, Dem. People’s Rep.",PRK,2013,YR2013,-1.901436
"Korea, Dem. People’s Rep.",PRK,2014,YR2014,-1.640784
"Korea, Dem. People’s Rep.",PRK,2015,YR2015,-1.632616
"Korea, Dem. People’s Rep.",PRK,2016,YR2016,-1.626832
"Korea, Dem. People’s Rep.",PRK,2017,YR2017,-1.671727
"Korea, Rep.",KOR,2010,YR2010,1.204664
"Korea, Rep.",KOR,2011,YR2011,1.252769
"Korea, Rep.",KOR,2012,YR2012,1.199333
"Korea, Rep.",KOR,2013,YR2013,1.125552
"Korea, Rep.",KOR,2014,YR2014,1.164746
"Korea, Rep.",KOR,2015,YR2015,1.012394
"Korea, Rep.",KOR,2016,YR2016,1.064042
"Korea, Rep.",KOR,2017,YR2017,1.072764
Kosovo,XKX,2010,YR2010,-0.5835603
Kosovo,XKX,2011,YR2011,-0.4634844
Kosovo,XKX,2012,YR2012,-0.3523751
Kosovo,XKX,2013,YR2013,-0.3794922
Kosovo,XKX,2014,YR2014,-0.3152198
Kosovo,XKX,2015,YR2015,-0.4096911
Kosovo,XKX,2016,YR2016,-0.4173082
Kosovo,XKX,2017,YR2017,-0.3976941
Kuwait,KWT,2010,YR2010,0.1686341
Kuwait,KWT,2011,YR2011,0.0245808
Kuwait,KWT,2012,YR2012,-0.0703019
Kuwait,KWT,2013,YR2013,-0.0706692
Kuwait,KWT,2014,YR2014,-0.148399
Kuwait,KWT,2015,YR2015,-0.0332199
Kuwait,KWT,2016,YR2016,-0.1635327
Kuwait,KWT,2017,YR2017,-0.1765683
Kyrgyz Republic,KGZ,2010,YR2010,-0.6516975
Kyrgyz Republic,KGZ,2011,YR2011,-0.6379848
Kyrgyz Republic,KGZ,2012,YR2012,-0.6494996
Kyrgyz Republic,KGZ,2013,YR2013,-0.6519046
Kyrgyz Republic,KGZ,2014,YR2014,-0.8654092
Kyrgyz Republic,KGZ,2015,YR2015,-0.9145042
Kyrgyz Republic,KGZ,2016,YR2016,-0.8956208
Kyrgyz Republic,KGZ,2017,YR2017,-0.711008
Lao PDR,LAO,2010,YR2010,-0.8600214
Lao PDR,LAO,2011,YR2011,-0.8338493
Lao PDR,LAO,2012,YR2012,-0.8377158
Lao PDR,LAO,2013,YR2013,-0.7300481
Lao PDR,LAO,2014,YR2014,-0.4153115
Lao PDR,LAO,2015,YR2015,-0.5105657
Lao PDR,LAO,2016,YR2016,-0.3982082
Lao PDR,LAO,2017,YR2017,-0.3832197
Latvia,LVA,2010,YR2010,0.70881
Latvia,LVA,2011,YR2011,0.6981383
Latvia,LVA,2012,YR2012,0.8384485
Latvia,LVA,2013,YR2013,0.8890268
Latvia,LVA,2014,YR2014,0.9585503
Latvia,LVA,2015,YR2015,1.089444
Latvia,LVA,2016,YR2016,1.005264
Latvia,LVA,2017,YR2017,0.9037945
Lebanon,LBN,2010,YR2010,-0.2792296
Lebanon,LBN,2011,YR2011,-0.2660723
Lebanon,LBN,2012,YR2012,-0.3467825
Lebanon,LBN,2013,YR2013,-0.3952204
Lebanon,LBN,2014,YR2014,-0.3755141
Lebanon,LBN,2015,YR2015,-0.4742917
Lebanon,LBN,2016,YR2016,-0.5385098
Lebanon,LBN,2017,YR2017,-0.5115919
Lesotho,LSO,2010,YR2010,-0.3121285
Lesotho,LSO,2011,YR2011,-0.3092911
Lesotho,LSO,2012,YR2012,-0.3754399
Lesotho,LSO,2013,YR2013,-0.4172004
Lesotho,LSO,2014,YR2014,-0.5551813
Lesotho,LSO,2015,YR2015,-0.6725309
Lesotho,LSO,2016,YR2016,-0.8018591
Lesotho,LSO,2017,YR2017,-0.8552153
Liberia,LBR,2010,YR2010,-1.277085
Liberia,LBR,2011,YR2011,-1.251019
Liberia,LBR,2012,YR2012,-1.173728
Liberia,LBR,2013,YR2013,-1.384766
Liberia,LBR,2014,YR2014,-1.343056
Liberia,LBR,2015,YR2015,-1.357068
Liberia,LBR,2016,YR2016,-1.278931
Liberia,LBR,2017,YR2017,-1.340944
Libya,LBY,2010,YR2010,-1.097219
Libya,LBY,2011,YR2011,-1.312289
Libya,LBY,2012,YR2012,-1.474232
Libya,LBY,2013,YR2013,-1.471055
Libya,LBY,2014,YR2014,-1.69147
Libya,LBY,2015,YR2015,-1.653111
Libya,LBY,2016,YR2016,-1.891929
Libya,LBY,2017,YR2017,-1.773881
Liechtenstein,LIE,2010,YR2010,1.783509
Liechtenstein,LIE,2011,YR2011,1.770325
Liechtenstein,LIE,2012,YR2012,1.789564
Liechtenstein,LIE,2013,YR2013,1.754486
Liechtenstein,LIE,2014,YR2014,1.705179
Liechtenstein,LIE,2015,YR2015,1.689049
Liechtenstein,LIE,2016,YR2016,1.705849
Liechtenstein,LIE,2017,YR2017,1.764887
Lithuania,LTU,2010,YR2010,0.7432536
Lithuania,LTU,2011,YR2011,0.7037992
Lithuania,LTU,2012,YR2012,0.833409
Lithuania,LTU,2013,YR2013,0.8317371
Lithuania,LTU,2014,YR2014,0.9826534
Lithuania,LTU,2015,YR2015,1.184934
Lithuania,LTU,2016,YR2016,1.070065
Lithuania,LTU,2017,YR2017,0.965337
Luxembourg,LUX,2010,YR2010,1.721774
Luxembourg,LUX,2011,YR2011,1.748484
Luxembourg,LUX,2012,YR2012,1.672072
Luxembourg,LUX,2013,YR2013,1.629902
Luxembourg,LUX,2014,YR2014,1.654433
Luxembourg,LUX,2015,YR2015,1.724078
Luxembourg,LUX,2016,YR2016,1.692346
Luxembourg,LUX,2017,YR2017,1.683147
"Macao SAR, China",MAC,2010,YR2010,1.355444
"Macao SAR, China",MAC,2011,YR2011,1.3319
"Macao SAR, China",MAC,2012,YR2012,1.09372
"Macao SAR, China",MAC,2013,YR2013,1.064194
"Macao SAR, China",MAC,2014,YR2014,1.468456
"Macao SAR, China",MAC,2015,YR2015,1.450002
"Macao SAR, China",MAC,2016,YR2016,1.182226
"Macao SAR, China",MAC,2017,YR2017,1.38082
Madagascar,MDG,2010,YR2010,-0.9596365
Madagascar,MDG,2011,YR2011,-1.032421
Madagascar,MDG,2012,YR2012,-1.089096
Madagascar,MDG,2013,YR2013,-1.131114
Madagascar,MDG,2014,YR2014,-1.299322
Madagascar,MDG,2015,YR2015,-1.285604
Madagascar,MDG,2016,YR2016,-1.167727
Madagascar,MDG,2017,YR2017,-1.139607
Malawi,MWI,2010,YR2010,-0.4106808
Malawi,MWI,2011,YR2011,-0.4253919
Malawi,MWI,2012,YR2012,-0.4786059
Malawi,MWI,2013,YR2013,-0.4799153
Malawi,MWI,2014,YR2014,-0.6281112
Malawi,MWI,2015,YR2015,-0.6662121
Malawi,MWI,2016,YR2016,-0.7259985
Malawi,MWI,2017,YR2017,-0.6595258
Malaysia,MYS,2010,YR2010,1.120518
Malaysia,MYS,2011,YR2011,1.021163
Malaysia,MYS,2012,YR2012,0.9198642
Malaysia,MYS,2013,YR2013,0.9998065
Malaysia,MYS,2014,YR2014,1.115127
Malaysia,MYS,2015,YR2015,0.9489561
Malaysia,MYS,2016,YR2016,0.8657749
Malaysia,MYS,2017,YR2017,0.8278642
Maldives,MDV,2010,YR2010,-0.207131
Maldives,MDV,2011,YR2011,-0.3059179
Maldives,MDV,2012,YR2012,-0.2151606
Maldives,MDV,2013,YR2013,-0.3222612
Maldives,MDV,2014,YR2014,-0.3616644
Maldives,MDV,2015,YR2015,-0.3758673
Maldives,MDV,2016,YR2016,-0.3214063
Maldives,MDV,2017,YR2017,-0.4515913
Mali,MLI,2010,YR2010,-0.8643363
Mali,MLI,2011,YR2011,-0.8222965
Mali,MLI,2012,YR2012,-0.9967953
Mali,MLI,2013,YR2013,-0.9028686
Mali,MLI,2014,YR2014,-1.099088
Mali,MLI,2015,YR2015,-0.9310304
Mali,MLI,2016,YR2016,-0.9927511
Mali,MLI,2017,YR2017,-0.936722
Malta,MLT,2010,YR2010,1.192727
Malta,MLT,2011,YR2011,1.195341
Malta,MLT,2012,YR2012,1.247961
Malta,MLT,2013,YR2013,1.257873
Malta,MLT,2014,YR2014,1.028362
Malta,MLT,2015,YR2015,0.8504284
Malta,MLT,2016,YR2016,0.9557845
Malta,MLT,2017,YR2017,1.004372
Marshall Islands,MHL,2010,YR2010,-1.28125
Marshall Islands,MHL,2011,YR2011,-1.461915
Marshall Islands,MHL,2012,YR2012,-1.440415
Marshall Islands,MHL,2013,YR2013,-1.5658
Marshall Islands,MHL,2014,YR2014,-1.558409
Marshall Islands,MHL,2015,YR2015,-1.601155
Marshall Islands,MHL,2016,YR2016,-1.566244
Marshall Islands,MHL,2017,YR2017,-1.553341
Martinique,MTQ,2010,YR2010,0.749144
Martinique,MTQ,2011,YR2011,0.7413339
Martinique,MTQ,2012,YR2012,0.7473143
Martinique,MTQ,2013,YR2013,0.7527696
Martinique,MTQ,2014,YR2014,0.69686
Martinique,MTQ,2015,YR2015,0.7473744
Martinique,MTQ,2016,YR2016,0.7971894
Martinique,MTQ,2017,YR2017,1.111245
Mauritania,MRT,2010,YR2010,-0.9706828
Mauritania,MRT,2011,YR2011,-0.9495553
Mauritania,MRT,2012,YR2012,-0.9096129
Mauritania,MRT,2013,YR2013,-0.9986318
Mauritania,MRT,2014,YR2014,-0.991504
Mauritania,MRT,2015,YR2015,-1.026887
Mauritania,MRT,2016,YR2016,-0.7719472
Mauritania,MRT,2017,YR2017,-0.728227
Mauritius,MUS,2010,YR2010,0.8658755
Mauritius,MUS,2011,YR2011,0.8734261
Mauritius,MUS,2012,YR2012,0.9816903
Mauritius,MUS,2013,YR2013,0.8819206
Mauritius,MUS,2014,YR2014,1.043637
Mauritius,MUS,2015,YR2015,1.056994
Mauritius,MUS,2016,YR2016,0.9611623
Mauritius,MUS,2017,YR2017,0.8994455
Mexico,MEX,2010,YR2010,0.1624299
Mexico,MEX,2011,YR2011,0.3078777
Mexico,MEX,2012,YR2012,0.3426165
Mexico,MEX,2013,YR2013,0.345396
Mexico,MEX,2014,YR2014,0.1962345
Mexico,MEX,2015,YR2015,0.2095713
Mexico,MEX,2016,YR2016,0.1319136
Mexico,MEX,2017,YR2017,-0.0299037
"Micronesia, Fed. Sts.",FSM,2010,YR2010,-0.8025244
"Micronesia, Fed. Sts.",FSM,2011,YR2011,-0.7549889
"Micronesia, Fed. Sts.",FSM,2012,YR2012,-0.6432918
"Micronesia, Fed. Sts.",FSM,2013,YR2013,-0.5710909
"Micronesia, Fed. Sts.",FSM,2014,YR2014,-0.4975008
"Micronesia, Fed. Sts.",FSM,2015,YR2015,-0.3970087
"Micronesia, Fed. Sts.",FSM,2016,YR2016,-0.334954
"Micronesia, Fed. Sts.",FSM,2017,YR2017,0.0897447
Moldova,MDA,2010,YR2010,-0.6626101
Moldova,MDA,2011,YR2011,-0.618258
Moldova,MDA,2012,YR2012,-0.5679132
Moldova,MDA,2013,YR2013,-0.4090807
Moldova,MDA,2014,YR2014,-0.4184042
Moldova,MDA,2015,YR2015,-0.6547017
Moldova,MDA,2016,YR2016,-0.6268807
Moldova,MDA,2017,YR2017,-0.5276804
Monaco,MCO,2010,YR2010,..
Monaco,MCO,2011,YR2011,..
Monaco,MCO,2012,YR2012,..
Monaco,MCO,2013,YR2013,..
Monaco,MCO,2014,YR2014,..
Monaco,MCO,2015,YR2015,..
Monaco,MCO,2016,YR2016,..
Monaco,MCO,2017,YR2017,..
Mongolia,MNG,2010,YR2010,-0.5719746
Mongolia,MNG,2011,YR2011,-0.5857292
Mongolia,MNG,2012,YR2012,-0.6361513
Mongolia,MNG,2013,YR2013,-0.5484818
Mongolia,MNG,2014,YR2014,-0.4355009
Mongolia,MNG,2015,YR2015,-0.4187603
Mongolia,MNG,2016,YR2016,-0.0980151
Mongolia,MNG,2017,YR2017,-0.264702
Montenegro,MNE,2010,YR2010,0.0901539
Montenegro,MNE,2011,YR2011,0.098416
Montenegro,MNE,2012,YR2012,0.13046
Montenegro,MNE,2013,YR2013,0.1600679
Montenegro,MNE,2014,YR2014,0.2651901
Montenegro,MNE,2015,YR2015,0.1556193
Montenegro,MNE,2016,YR2016,0.1314083
Montenegro,MNE,2017,YR2017,0.1750546
Morocco,MAR,2010,YR2010,-0.1041628
Morocco,MAR,2011,YR2011,-0.151642
Morocco,MAR,2012,YR2012,-0.0591652
Morocco,MAR,2013,YR2013,-0.0351245
Morocco,MAR,2014,YR2014,-0.0745343
Morocco,MAR,2015,YR2015,-0.06205
Morocco,MAR,2016,YR2016,-0.1062014
Morocco,MAR,2017,YR2017,-0.1935492
Mozambique,MOZ,2010,YR2010,-0.5825811
Mozambique,MOZ,2011,YR2011,-0.6394116
Mozambique,MOZ,2012,YR2012,-0.630087
Mozambique,MOZ,2013,YR2013,-0.6132693
Mozambique,MOZ,2014,YR2014,-0.7226681
Mozambique,MOZ,2015,YR2015,-0.7463036
Mozambique,MOZ,2016,YR2016,-0.863071
Mozambique,MOZ,2017,YR2017,-0.8917449
Myanmar,MMR,2010,YR2010,-1.6179
Myanmar,MMR,2011,YR2011,-1.596835
Myanmar,MMR,2012,YR2012,-1.481391
Myanmar,MMR,2013,YR2013,-1.497102
Myanmar,MMR,2014,YR2014,-1.27935
Myanmar,MMR,2015,YR2015,-1.238595
Myanmar,MMR,2016,YR2016,-0.9762803
Myanmar,MMR,2017,YR2017,-1.052141
Namibia,NAM,2010,YR2010,0.0661187
Namibia,NAM,2011,YR2011,0.0540624
Namibia,NAM,2012,YR2012,0.1386618
Namibia,NAM,2013,YR2013,0.1872248
Namibia,NAM,2014,YR2014,0.113697
Namibia,NAM,2015,YR2015,0.2481846
Namibia,NAM,2016,YR2016,0.167302
Namibia,NAM,2017,YR2017,0.2002399
Nauru,NRU,2010,YR2010,-0.5599525
Nauru,NRU,2011,YR2011,-0.5776834
Nauru,NRU,2012,YR2012,-0.5562755
Nauru,NRU,2013,YR2013,-0.5784758
Nauru,NRU,2014,YR2014,-0.5685918
Nauru,NRU,2015,YR2015,-0.5363368
Nauru,NRU,2016,YR2016,-0.6883387
Nauru,NRU,2017,YR2017,-0.434347
Nepal,NPL,2010,YR2010,-0.8735455
Nepal,NPL,2011,YR2011,-0.9025553
Nepal,NPL,2012,YR2012,-0.9826987
Nepal,NPL,2013,YR2013,-0.9262621
Nepal,NPL,2014,YR2014,-0.8515413
Nepal,NPL,2015,YR2015,-1.053647
Nepal,NPL,2016,YR2016,-0.8264515
Nepal,NPL,2017,YR2017,-0.8868762
Netherlands,NLD,2010,YR2010,1.729366
Netherlands,NLD,2011,YR2011,1.788899
Netherlands,NLD,2012,YR2012,1.8134
Netherlands,NLD,2013,YR2013,1.783959
Netherlands,NLD,2014,YR2014,1.817106
Netherlands,NLD,2015,YR2015,1.832507
Netherlands,NLD,2016,YR2016,1.833539
Netherlands,NLD,2017,YR2017,1.851793
Netherlands Antilles,ANT,2010,YR2010,0.749144
Netherlands Antilles,ANT,2011,YR2011,0.7413339
Netherlands Antilles,ANT,2012,YR2012,0.7473143
Netherlands Antilles,ANT,2013,YR2013,0.7527696
Netherlands Antilles,ANT,2014,YR2014,..
Netherlands Antilles,ANT,2015,YR2015,..
Netherlands Antilles,ANT,2016,YR2016,..
Netherlands Antilles,ANT,2017,YR2017,..
New Zealand,NZL,2010,YR2010,1.816698
New Zealand,NZL,2011,YR2011,1.877562
New Zealand,NZL,2012,YR2012,1.801007
New Zealand,NZL,2013,YR2013,1.757802
New Zealand,NZL,2014,YR2014,1.932062
New Zealand,NZL,2015,YR2015,1.884376
New Zealand,NZL,2016,YR2016,1.843005
New Zealand,NZL,2017,YR2017,1.766153
Nicaragua,NIC,2010,YR2010,-0.9621997
Nicaragua,NIC,2011,YR2011,-0.9014012
Nicaragua,NIC,2012,YR2012,-0.8949555
Nicaragua,NIC,2013,YR2013,-0.8166822
Nicaragua,NIC,2014,YR2014,-0.8379031
Nicaragua,NIC,2015,YR2015,-0.8159055
Nicaragua,NIC,2016,YR2016,-0.6885888
Nicaragua,NIC,2017,YR2017,-0.6297874
Niger,NER,2010,YR2010,-0.6592782
Niger,NER,2011,YR2011,-0.622551
Niger,NER,2012,YR2012,-0.6826633
Niger,NER,2013,YR2013,-0.7209283
Niger,NER,2014,YR2014,-0.696187
Niger,NER,2015,YR2015,-0.6546196
Niger,NER,2016,YR2016,-0.6334934
Niger,NER,2017,YR2017,-0.7042371
Nigeria,NGA,2010,YR2010,-1.165138
Nigeria,NGA,2011,YR2011,-1.096175
Nigeria,NGA,2012,YR2012,-0.9964767
Nigeria,NGA,2013,YR2013,-0.9920399
Nigeria,NGA,2014,YR2014,-1.186017
Nigeria,NGA,2015,YR2015,-0.9588076
Nigeria,NGA,2016,YR2016,-1.087536
Nigeria,NGA,2017,YR2017,-1.012332
Niue,NIU,2010,YR2010,-1.011447
Niue,NIU,2011,YR2011,-0.9730711
Niue,NIU,2012,YR2012,-0.9988101
Niue,NIU,2013,YR2013,-0.9940472
Niue,NIU,2014,YR2014,..
Niue,NIU,2015,YR2015,..
Niue,NIU,2016,YR2016,..
Niue,NIU,2017,YR2017,..
North Macedonia,MKD,2010,YR2010,-0.0899654
North Macedonia,MKD,2011,YR2011,-0.1076884
North Macedonia,MKD,2012,YR2012,-0.0701415
North Macedonia,MKD,2013,YR2013,-0.0528186
North Macedonia,MKD,2014,YR2014,0.1316635
North Macedonia,MKD,2015,YR2015,0.1183688
North Macedonia,MKD,2016,YR2016,0.1037967
North Macedonia,MKD,2017,YR2017,0.1474429
Norway,NOR,2010,YR2010,1.878928
Norway,NOR,2011,YR2011,1.837559
Norway,NOR,2012,YR2012,1.909127
Norway,NOR,2013,YR2013,1.884967
Norway,NOR,2014,YR2014,1.828457
Norway,NOR,2015,YR2015,1.864499
Norway,NOR,2016,YR2016,1.869375
Norway,NOR,2017,YR2017,1.983223
Oman,OMN,2010,YR2010,0.3778546
Oman,OMN,2011,YR2011,0.2512203
Oman,OMN,2012,YR2012,0.2645408
Oman,OMN,2013,YR2013,0.2141149
Oman,OMN,2014,YR2014,0.2658027
Oman,OMN,2015,YR2015,0.0814258
Oman,OMN,2016,YR2016,0.1919464
Oman,OMN,2017,YR2017,0.1929151
Pakistan,PAK,2010,YR2010,-0.7658589
Pakistan,PAK,2011,YR2011,-0.8179008
Pakistan,PAK,2012,YR2012,-0.7779331
Pakistan,PAK,2013,YR2013,-0.7918035
Pakistan,PAK,2014,YR2014,-0.7550009
Pakistan,PAK,2015,YR2015,-0.6675183
Pakistan,PAK,2016,YR2016,-0.6533357
Pakistan,PAK,2017,YR2017,-0.5976382
Palau,PLW,2010,YR2010,-0.8493041
Palau,PLW,2011,YR2011,-0.5776834
Palau,PLW,2012,YR2012,-0.5562755
Palau,PLW,2013,YR2013,-0.5784758
Palau,PLW,2014,YR2014,-0.5685918
Palau,PLW,2015,YR2015,-0.5363368
Palau,PLW,2016,YR2016,-0.4016517
Palau,PLW,2017,YR2017,-0.2293862
Panama,PAN,2010,YR2010,0.1372251
Panama,PAN,2011,YR2011,0.0858171
Panama,PAN,2012,YR2012,0.2850275
Panama,PAN,2013,YR2013,0.2886036
Panama,PAN,2014,YR2014,0.2621191
Panama,PAN,2015,YR2015,0.2921956
Panama,PAN,2016,YR2016,0.1857315
Panama,PAN,2017,YR2017,0.0218192
Papua New Guinea,PNG,2010,YR2010,-0.7185556
Papua New Guinea,PNG,2011,YR2011,-0.7111131
Papua New Guinea,PNG,2012,YR2012,-0.740658
Papua New Guinea,PNG,2013,YR2013,-0.6630088
Papua New Guinea,PNG,2014,YR2014,-0.6126937
Papua New Guinea,PNG,2015,YR2015,-0.6065412
Papua New Guinea,PNG,2016,YR2016,-0.7374462
Papua New Guinea,PNG,2017,YR2017,-0.6654906
Paraguay,PRY,2010,YR2010,-0.9323817
Paraguay,PRY,2011,YR2011,-0.8445076
Paraguay,PRY,2012,YR2012,-0.889456
Paraguay,PRY,2013,YR2013,-0.8721671
Paraguay,PRY,2014,YR2014,-0.9191684
Paraguay,PRY,2015,YR2015,-0.9483867
Paraguay,PRY,2016,YR2016,-0.7923338
Paraguay,PRY,2017,YR2017,-0.8237901
Peru,PER,2010,YR2010,-0.1911707
Peru,PER,2011,YR2011,-0.1571881
Peru,PER,2012,YR2012,-0.1449162
Peru,PER,2013,YR2013,-0.1147713
Peru,PER,2014,YR2014,-0.2667779
Peru,PER,2015,YR2015,-0.2769882
Peru,PER,2016,YR2016,-0.1786185
Peru,PER,2017,YR2017,-0.1295326
Philippines,PHL,2010,YR2010,0.001555
Philippines,PHL,2011,YR2011,0.090305
Philippines,PHL,2012,YR2012,0.1081914
Philippines,PHL,2013,YR2013,0.1184862
Philippines,PHL,2014,YR2014,0.1930268
Philippines,PHL,2015,YR2015,0.1122431
Philippines,PHL,2016,YR2016,-0.0102371
Philippines,PHL,2017,YR2017,-0.0494255
Poland,POL,2010,YR2010,0.640949
Poland,POL,2011,YR2011,0.6207488
Poland,POL,2012,YR2012,0.6756304
Poland,POL,2013,YR2013,0.7225148
Poland,POL,2014,YR2014,0.8273836
Poland,POL,2015,YR2015,0.7987829
Poland,POL,2016,YR2016,0.7065664
Poland,POL,2017,YR2017,0.6430409
Portugal,PRT,2010,YR2010,1.010235
Portugal,PRT,2011,YR2011,0.9471941
Portugal,PRT,2012,YR2012,1.035028
Portugal,PRT,2013,YR2013,1.230732
Portugal,PRT,2014,YR2014,0.9885908
Portugal,PRT,2015,YR2015,1.220341
Portugal,PRT,2016,YR2016,1.209821
Portugal,PRT,2017,YR2017,1.332028
Puerto Rico,PRI,2010,YR2010,0.3281363
Puerto Rico,PRI,2011,YR2011,0.3395557
Puerto Rico,PRI,2012,YR2012,0.4017532
Puerto Rico,PRI,2013,YR2013,0.3597412
Puerto Rico,PRI,2014,YR2014,0.3632102
Puerto Rico,PRI,2015,YR2015,0.3586575
Puerto Rico,PRI,2016,YR2016,0.395702
Puerto Rico,PRI,2017,YR2017,-0.1002981
Qatar,QAT,2010,YR2010,0.8451837
Qatar,QAT,2011,YR2011,0.7540052
Qatar,QAT,2012,YR2012,0.937022
Qatar,QAT,2013,YR2013,1.057716
Qatar,QAT,2014,YR2014,0.9447956
Qatar,QAT,2015,YR2015,0.9549182
Qatar,QAT,2016,YR2016,0.7355127
Qatar,QAT,2017,YR2017,0.7404983
Reunion,REU,2010,YR2010,1.00544
Reunion,REU,2011,YR2011,0.9957858
Reunion,REU,2012,YR2012,1.008661
Reunion,REU,2013,YR2013,1.014979
Reunion,REU,2014,YR2014,0.952229
Reunion,REU,2015,YR2015,1.007332
Reunion,REU,2016,YR2016,1.063039
Reunion,REU,2017,YR2017,1.111245
Romania,ROU,2010,YR2010,-0.2655292
Romania,ROU,2011,YR2011,-0.3289806
Romania,ROU,2012,YR2012,-0.3119501
Romania,ROU,2013,YR2013,-0.0744246
Romania,ROU,2014,YR2014,-0.0259938
Romania,ROU,2015,YR2015,-0.0561306
Romania,ROU,2016,YR2016,-0.1690356
Romania,ROU,2017,YR2017,-0.1721281
Russian Federation,RUS,2010,YR2010,-0.4688114
Russian Federation,RUS,2011,YR2011,-0.4707654
Russian Federation,RUS,2012,YR2012,-0.4204746
Russian Federation,RUS,2013,YR2013,-0.354852
Russian Federation,RUS,2014,YR2014,-0.109315
Russian Federation,RUS,2015,YR2015,-0.2044424
Russian Federation,RUS,2016,YR2016,-0.1972386
Russian Federation,RUS,2017,YR2017,-0.0756261
Rwanda,RWA,2010,YR2010,-0.0542929
Rwanda,RWA,2011,YR2011,0.0704055
Rwanda,RWA,2012,YR2012,-0.0482539
Rwanda,RWA,2013,YR2013,0.0197235
Rwanda,RWA,2014,YR2014,-0.0253321
Rwanda,RWA,2015,YR2015,-0.0458434
Rwanda,RWA,2016,YR2016,0.0981101
Rwanda,RWA,2017,YR2017,0.2668521
Samoa,WSM,2010,YR2010,-0.0390187
Samoa,WSM,2011,YR2011,-0.0094426
Samoa,WSM,2012,YR2012,-0.0190295
Samoa,WSM,2013,YR2013,0.0246412
Samoa,WSM,2014,YR2014,0.4548398
Samoa,WSM,2015,YR2015,0.5085092
Samoa,WSM,2016,YR2016,0.5406813
Samoa,WSM,2017,YR2017,0.6161818
San Marino,SMR,2010,YR2010,..
San Marino,SMR,2011,YR2011,..
San Marino,SMR,2012,YR2012,..
San Marino,SMR,2013,YR2013,..
San Marino,SMR,2014,YR2014,..
San Marino,SMR,2015,YR2015,..
San Marino,SMR,2016,YR2016,..
San Marino,SMR,2017,YR2017,..
Sao Tome and Principe,STP,2010,YR2010,-0.7941526
Sao Tome and Principe,STP,2011,YR2011,-0.7020682
Sao Tome and Principe,STP,2012,YR2012,-0.6789475
Sao Tome and Principe,STP,2013,YR2013,-0.7258032
Sao Tome and Principe,STP,2014,YR2014,-0.817302
Sao Tome and Principe,STP,2015,YR2015,-0.7509078
Sao Tome and Principe,STP,2016,YR2016,-0.6721189
Sao Tome and Principe,STP,2017,YR2017,-0.7500911
Saudi Arabia,SAU,2010,YR2010,-0.0069224
Saudi Arabia,SAU,2011,YR2011,-0.3030069
Saudi Arabia,SAU,2012,YR2012,0.0349834
Saudi Arabia,SAU,2013,YR2013,0.0731393
Saudi Arabia,SAU,2014,YR2014,0.2077309
Saudi Arabia,SAU,2015,YR2015,0.1999344
Saudi Arabia,SAU,2016,YR2016,0.2612624
Saudi Arabia,SAU,2017,YR2017,0.2572388
Senegal,SEN,2010,YR2010,-0.5799341
Senegal,SEN,2011,YR2011,-0.4963745
Senegal,SEN,2012,YR2012,-0.4661634
Senegal,SEN,2013,YR2013,-0.418516
Senegal,SEN,2014,YR2014,-0.4039444
Senegal,SEN,2015,YR2015,-0.4264445
Senegal,SEN,2016,YR2016,-0.4539246
Senegal,SEN,2017,YR2017,-0.3174974
Serbia,SRB,2010,YR2010,-0.0459862
Serbia,SRB,2011,YR2011,-0.0898259
Serbia,SRB,2012,YR2012,-0.1018853
Serbia,SRB,2013,YR2013,-0.086723
Serbia,SRB,2014,YR2014,0.0896169
Serbia,SRB,2015,YR2015,0.1111203
Serbia,SRB,2016,YR2016,0.0796595
Serbia,SRB,2017,YR2017,0.1842694
Seychelles,SYC,2010,YR2010,0.2027419
Seychelles,SYC,2011,YR2011,0.2757331
Seychelles,SYC,2012,YR2012,0.3952843
Seychelles,SYC,2013,YR2013,0.3820674
Seychelles,SYC,2014,YR2014,0.3607702
Seychelles,SYC,2015,YR2015,0.4228553
Seychelles,SYC,2016,YR2016,0.370023
Seychelles,SYC,2017,YR2017,0.4147626
Sierra Leone,SLE,2010,YR2010,-1.21574
Sierra Leone,SLE,2011,YR2011,-1.192158
Sierra Leone,SLE,2012,YR2012,-1.2257
Sierra Leone,SLE,2013,YR2013,-1.225447
Sierra Leone,SLE,2014,YR2014,-1.243714
Sierra Leone,SLE,2015,YR2015,-1.2499
Sierra Leone,SLE,2016,YR2016,-1.170677
Sierra Leone,SLE,2017,YR2017,-1.175757
Singapore,SGP,2010,YR2010,2.241407
Singapore,SGP,2011,YR2011,2.154786
Singapore,SGP,2012,YR2012,2.166091
Singapore,SGP,2013,YR2013,2.088955
Singapore,SGP,2014,YR2014,2.182617
Singapore,SGP,2015,YR2015,2.236419
Singapore,SGP,2016,YR2016,2.206245
Singapore,SGP,2017,YR2017,2.220098
Slovak Republic,SVK,2010,YR2010,0.8371224
Slovak Republic,SVK,2011,YR2011,0.8325479
Slovak Republic,SVK,2012,YR2012,0.8363792
Slovak Republic,SVK,2013,YR2013,0.7891342
Slovak Republic,SVK,2014,YR2014,0.8762358
Slovak Republic,SVK,2015,YR2015,0.8377234
Slovak Republic,SVK,2016,YR2016,0.8940681
Slovak Republic,SVK,2017,YR2017,0.8006557
Slovenia,SVN,2010,YR2010,1.026441
Slovenia,SVN,2011,YR2011,0.9895115
Slovenia,SVN,2012,YR2012,1.03165
Slovenia,SVN,2013,YR2013,1.013163
Slovenia,SVN,2014,YR2014,1.00516
Slovenia,SVN,2015,YR2015,0.9724185
Slovenia,SVN,2016,YR2016,1.127259
Slovenia,SVN,2017,YR2017,1.170688
Solomon Islands,SLB,2010,YR2010,-0.954461
Solomon Islands,SLB,2011,YR2011,-0.8646617
Solomon Islands,SLB,2012,YR2012,-0.8060077
Solomon Islands,SLB,2013,YR2013,-0.823834
Solomon Islands,SLB,2014,YR2014,-1.068035
Solomon Islands,SLB,2015,YR2015,-1.024377
Solomon Islands,SLB,2016,YR2016,-0.9846512
Solomon Islands,SLB,2017,YR2017,-1.00636
Somalia,SOM,2010,YR2010,-2.208117
Somalia,SOM,2011,YR2011,-2.140683
Somalia,SOM,2012,YR2012,-2.200339
Somalia,SOM,2013,YR2013,-2.217361
Somalia,SOM,2014,YR2014,-2.445876
Somalia,SOM,2015,YR2015,-2.196855
Somalia,SOM,2016,YR2016,-2.191046
Somalia,SOM,2017,YR2017,-2.216206
South Africa,ZAF,2010,YR2010,0.3921409
South Africa,ZAF,2011,YR2011,0.4053512
South Africa,ZAF,2012,YR2012,0.3456312
South Africa,ZAF,2013,YR2013,0.4382925
South Africa,ZAF,2014,YR2014,0.3410892
South Africa,ZAF,2015,YR2015,0.2918086
South Africa,ZAF,2016,YR2016,0.3064397
South Africa,ZAF,2017,YR2017,0.2886106
South Sudan,SSD,2010,YR2010,..
South Sudan,SSD,2011,YR2011,-1.882391
South Sudan,SSD,2012,YR2012,-1.584737
South Sudan,SSD,2013,YR2013,-1.679247
South Sudan,SSD,2014,YR2014,-2.068171
South Sudan,SSD,2015,YR2015,-2.163074
South Sudan,SSD,2016,YR2016,-2.353382
South Sudan,SSD,2017,YR2017,-2.483661
Spain,ESP,2010,YR2010,0.9947988
Spain,ESP,2011,YR2011,1.027235
Spain,ESP,2012,YR2012,1.120682
Spain,ESP,2013,YR2013,1.154523
Spain,ESP,2014,YR2014,1.159705
Spain,ESP,2015,YR2015,1.174035
Spain,ESP,2016,YR2016,1.115842
Spain,ESP,2017,YR2017,1.033854
Sri Lanka,LKA,2010,YR2010,-0.1950061
Sri Lanka,LKA,2011,YR2011,-0.1114319
Sri Lanka,LKA,2012,YR2012,-0.2075322
Sri Lanka,LKA,2013,YR2013,-0.1698639
Sri Lanka,LKA,2014,YR2014,0.0538776
Sri Lanka,LKA,2015,YR2015,-0.0092562
Sri Lanka,LKA,2016,YR2016,-0.0261695
Sri Lanka,LKA,2017,YR2017,-0.1479775
St. Kitts and Nevis,KNA,2010,YR2010,0.7120712
St. Kitts and Nevis,KNA,2011,YR2011,0.7634993
St. Kitts and Nevis,KNA,2012,YR2012,0.8370658
St. Kitts and Nevis,KNA,2013,YR2013,0.8941193
St. Kitts and Nevis,KNA,2014,YR2014,-0.0717925
St. Kitts and Nevis,KNA,2015,YR2015,0.1173119
St. Kitts and Nevis,KNA,2016,YR2016,0.1416009
St. Kitts and Nevis,KNA,2017,YR2017,0.5605542
St. Lucia,LCA,2010,YR2010,0.8034889
St. Lucia,LCA,2011,YR2011,0.8511567
St. Lucia,LCA,2012,YR2012,0.6637753
St. Lucia,LCA,2013,YR2013,0.706974
St. Lucia,LCA,2014,YR2014,-0.016266
St. Lucia,LCA,2015,YR2015,-0.0792276
St. Lucia,LCA,2016,YR2016,0.0281246
St. Lucia,LCA,2017,YR2017,0.26535
St. Vincent and the Grenadines,VCT,2010,YR2010,0.7120712
St. Vincent and the Grenadines,VCT,2011,YR2011,0.7634993
St. Vincent and the Grenadines,VCT,2012,YR2012,0.8370658
St. Vincent and the Grenadines,VCT,2013,YR2013,0.8941193
St. Vincent and the Grenadines,VCT,2014,YR2014,0.1319191
St. Vincent and the Grenadines,VCT,2015,YR2015,0.0298701
St. Vincent and the Grenadines,VCT,2016,YR2016,0.217218
St. Vincent and the Grenadines,VCT,2017,YR2017,0.26535
Sudan,SDN,2010,YR2010,-1.343785
Sudan,SDN,2011,YR2011,-1.376675
Sudan,SDN,2012,YR2012,-1.419657
Sudan,SDN,2013,YR2013,-1.485421
Sudan,SDN,2014,YR2014,-1.532044
Sudan,SDN,2015,YR2015,-1.475872
Sudan,SDN,2016,YR2016,-1.515177
Sudan,SDN,2017,YR2017,-1.433255
Suriname,SUR,2010,YR2010,-0.1037182
Suriname,SUR,2011,YR2011,-0.1185168
Suriname,SUR,2012,YR2012,-0.0096941
Suriname,SUR,2013,YR2013,-0.0158028
Suriname,SUR,2014,YR2014,-0.1759236
Suriname,SUR,2015,YR2015,-0.3458428
Suriname,SUR,2016,YR2016,-0.3379573
Suriname,SUR,2017,YR2017,-0.6171899
Sweden,SWE,2010,YR2010,2.004213
Sweden,SWE,2011,YR2011,1.965064
Sweden,SWE,2012,YR2012,1.95701
Sweden,SWE,2013,YR2013,1.909026
Sweden,SWE,2014,YR2014,1.803889
Sweden,SWE,2015,YR2015,1.815902
Sweden,SWE,2016,YR2016,1.773643
Sweden,SWE,2017,YR2017,1.837576
Switzerland,CHE,2010,YR2010,1.876344
Switzerland,CHE,2011,YR2011,1.867497
Switzerland,CHE,2012,YR2012,1.891962
Switzerland,CHE,2013,YR2013,1.824577
Switzerland,CHE,2014,YR2014,2.112258
Switzerland,CHE,2015,YR2015,1.998052
Switzerland,CHE,2016,YR2016,2.008593
Switzerland,CHE,2017,YR2017,2.056261
Syrian Arab Republic,SYR,2010,YR2010,-0.6050934
Syrian Arab Republic,SYR,2011,YR2011,-0.5047666
Syrian Arab Republic,SYR,2012,YR2012,-1.148971
Syrian Arab Republic,SYR,2013,YR2013,-1.400502
Syrian Arab Republic,SYR,2014,YR2014,-1.400045
Syrian Arab Republic,SYR,2015,YR2015,-1.590413
Syrian Arab Republic,SYR,2016,YR2016,-1.818922
Syrian Arab Republic,SYR,2017,YR2017,-1.769772
"Taiwan, China",TWN,2010,YR2010,1.176271
"Taiwan, China",TWN,2011,YR2011,1.147299
"Taiwan, China",TWN,2012,YR2012,1.154063
"Taiwan, China",TWN,2013,YR2013,1.210947
"Taiwan, China",TWN,2014,YR2014,1.367834
"Taiwan, China",TWN,2015,YR2015,1.395764
"Taiwan, China",TWN,2016,YR2016,1.36144
"Taiwan, China",TWN,2017,YR2017,1.263607
Tajikistan,TJK,2010,YR2010,-0.9184335
Tajikistan,TJK,2011,YR2011,-0.9482788
Tajikistan,TJK,2012,YR2012,-0.9311347
Tajikistan,TJK,2013,YR2013,-1.058447
Tajikistan,TJK,2014,YR2014,-0.7826094
Tajikistan,TJK,2015,YR2015,-0.8482506
Tajikistan,TJK,2016,YR2016,-1.026858
Tajikistan,TJK,2017,YR2017,-1.114859
Tanzania,TZA,2010,YR2010,-0.5974768
Tanzania,TZA,2011,YR2011,-0.6516141
Tanzania,TZA,2012,YR2012,-0.6914189
Tanzania,TZA,2013,YR2013,-0.7097701
Tanzania,TZA,2014,YR2014,-0.6550456
Tanzania,TZA,2015,YR2015,-0.6019729
Tanzania,TZA,2016,YR2016,-0.5456084
Tanzania,TZA,2017,YR2017,-0.6340906
Thailand,THA,2010,YR2010,0.1877606
Thailand,THA,2011,YR2011,0.2058535
Thailand,THA,2012,YR2012,0.2246817
Thailand,THA,2013,YR2013,0.248
Thailand,THA,2014,YR2014,0.3379512
Thailand,THA,2015,YR2015,0.35013
Thailand,THA,2016,YR2016,0.342031
Thailand,THA,2017,YR2017,0.3849669
Timor-Leste,TLS,2010,YR2010,-1.224438
Timor-Leste,TLS,2011,YR2011,-1.153588
Timor-Leste,TLS,2012,YR2012,-1.18081
Timor-Leste,TLS,2013,YR2013,-1.231252
Timor-Leste,TLS,2014,YR2014,-1.180595
Timor-Leste,TLS,2015,YR2015,-1.045532
Timor-Leste,TLS,2016,YR2016,-1.014302
Timor-Leste,TLS,2017,YR2017,-0.9972163
Togo,TGO,2010,YR2010,-1.389187
Togo,TGO,2011,YR2011,-1.3666
Togo,TGO,2012,YR2012,-1.314133
Togo,TGO,2013,YR2013,-1.294959
Togo,TGO,2014,YR2014,-1.249514
Togo,TGO,2015,YR2015,-1.193058
Togo,TGO,2016,YR2016,-1.068534
Togo,TGO,2017,YR2017,-1.124991
Tonga,TON,2010,YR2010,-0.3172054
Tonga,TON,2011,YR2011,-0.3636558
Tonga,TON,2012,YR2012,-0.4080352
Tonga,TON,2013,YR2013,-0.4044648
Tonga,TON,2014,YR2014,-0.0691487
Tonga,TON,2015,YR2015,-0.3302171
Tonga,TON,2016,YR2016,-0.2820505
Tonga,TON,2017,YR2017,-0.2178819
Trinidad and Tobago,TTO,2010,YR2010,0.266488
Trinidad and Tobago,TTO,2011,YR2011,0.3248188
Trinidad and Tobago,TTO,2012,YR2012,0.4105982
Trinidad and Tobago,TTO,2013,YR2013,0.3621852
Trinidad and Tobago,TTO,2014,YR2014,0.2720782
Trinidad and Tobago,TTO,2015,YR2015,0.2324652
Trinidad and Tobago,TTO,2016,YR2016,0.2277821
Trinidad and Tobago,TTO,2017,YR2017,0.2594023
Tunisia,TUN,2010,YR2010,0.2184257
Tunisia,TUN,2011,YR2011,0.0226407
Tunisia,TUN,2012,YR2012,-0.0344481
Tunisia,TUN,2013,YR2013,-0.0735112
Tunisia,TUN,2014,YR2014,-0.1196455
Tunisia,TUN,2015,YR2015,-0.1202786
Tunisia,TUN,2016,YR2016,-0.2290026
Tunisia,TUN,2017,YR2017,-0.0816317
Turkey,TUR,2010,YR2010,0.2949708
Turkey,TUR,2011,YR2011,0.3486361
Turkey,TUR,2012,YR2012,0.4085236
Turkey,TUR,2013,YR2013,0.3812184
Turkey,TUR,2014,YR2014,0.3652422
Turkey,TUR,2015,YR2015,0.222985
Turkey,TUR,2016,YR2016,0.0484783
Turkey,TUR,2017,YR2017,0.0767119
Turkmenistan,TKM,2010,YR2010,-1.56353
Turkmenistan,TKM,2011,YR2011,-1.603864
Turkmenistan,TKM,2012,YR2012,-1.2571
Turkmenistan,TKM,2013,YR2013,-1.281882
Turkmenistan,TKM,2014,YR2014,-0.8422028
Turkmenistan,TKM,2015,YR2015,-0.8504757
Turkmenistan,TKM,2016,YR2016,-1.126611
Turkmenistan,TKM,2017,YR2017,-1.21182
Tuvalu,TUV,2010,YR2010,-0.4873216
Tuvalu,TUV,2011,YR2011,-0.7950383
Tuvalu,TUV,2012,YR2012,-0.693237
Tuvalu,TUV,2013,YR2013,-0.6593137
Tuvalu,TUV,2014,YR2014,-0.9266859
Tuvalu,TUV,2015,YR2015,-0.9635205
Tuvalu,TUV,2016,YR2016,-0.9256202
Tuvalu,TUV,2017,YR2017,-0.7436759
Uganda,UGA,2010,YR2010,-0.5250553
Uganda,UGA,2011,YR2011,-0.5155811
Uganda,UGA,2012,YR2012,-0.5700184
Uganda,UGA,2013,YR2013,-0.5859425
Uganda,UGA,2014,YR2014,-0.5014763
Uganda,UGA,2015,YR2015,-0.4846786
Uganda,UGA,2016,YR2016,-0.5712523
Uganda,UGA,2017,YR2017,-0.5775861
Ukraine,UKR,2010,YR2010,-0.784709
Ukraine,UKR,2011,YR2011,-0.824128
Ukraine,UKR,2012,YR2012,-0.5830625
Ukraine,UKR,2013,YR2013,-0.6457505
Ukraine,UKR,2014,YR2014,-0.4134186
Ukraine,UKR,2015,YR2015,-0.5235834
Ukraine,UKR,2016,YR2016,-0.5722786
Ukraine,UKR,2017,YR2017,-0.4575811
United Arab Emirates,ARE,2010,YR2010,0.8979611
United Arab Emirates,ARE,2011,YR2011,1.055263
United Arab Emirates,ARE,2012,YR2012,1.14961
United Arab Emirates,ARE,2013,YR2013,1.176368
United Arab Emirates,ARE,2014,YR2014,1.435521
United Arab Emirates,ARE,2015,YR2015,1.509608
United Arab Emirates,ARE,2016,YR2016,1.415928
United Arab Emirates,ARE,2017,YR2017,1.41558
United Kingdom,GBR,2010,YR2010,1.568379
United Kingdom,GBR,2011,YR2011,1.558901
United Kingdom,GBR,2012,YR2012,1.547542
United Kingdom,GBR,2013,YR2013,1.495451
United Kingdom,GBR,2014,YR2014,1.62673
United Kingdom,GBR,2015,YR2015,1.743745
United Kingdom,GBR,2016,YR2016,1.601618
United Kingdom,GBR,2017,YR2017,1.414133
United States,USA,2010,YR2010,1.557596
United States,USA,2011,YR2011,1.519567
United States,USA,2012,YR2012,1.529326
United States,USA,2013,YR2013,1.523666
United States,USA,2014,YR2014,1.467586
United States,USA,2015,YR2015,1.463522
United States,USA,2016,YR2016,1.476793
United States,USA,2017,YR2017,1.554298
Uruguay,URY,2010,YR2010,0.6269566
Uruguay,URY,2011,YR2011,0.5537435
Uruguay,URY,2012,YR2012,0.441899
Uruguay,URY,2013,YR2013,0.4476831
Uruguay,URY,2014,YR2014,0.4827862
Uruguay,URY,2015,YR2015,0.5288608
Uruguay,URY,2016,YR2016,0.5741805
Uruguay,URY,2017,YR2017,0.4317831
Uzbekistan,UZB,2010,YR2010,-0.7137851
Uzbekistan,UZB,2011,YR2011,-0.6850358
Uzbekistan,UZB,2012,YR2012,-0.9106262
Uzbekistan,UZB,2013,YR2013,-0.9136994
Uzbekistan,UZB,2014,YR2014,-0.6283218
Uzbekistan,UZB,2015,YR2015,-0.6718292
Uzbekistan,UZB,2016,YR2016,-0.57731
Uzbekistan,UZB,2017,YR2017,-0.5578815
Vanuatu,VUT,2010,YR2010,-0.2723125
Vanuatu,VUT,2011,YR2011,-0.2436769
Vanuatu,VUT,2012,YR2012,-0.2232218
Vanuatu,VUT,2013,YR2013,-0.2125746
Vanuatu,VUT,2014,YR2014,-0.5339027
Vanuatu,VUT,2015,YR2015,-0.7836349
Vanuatu,VUT,2016,YR2016,-0.8799161
Vanuatu,VUT,2017,YR2017,-0.9010971
"Venezuela, RB",VEN,2010,YR2010,-1.111922
"Venezuela, RB",VEN,2011,YR2011,-1.190891
"Venezuela, RB",VEN,2012,YR2012,-1.145259
"Venezuela, RB",VEN,2013,YR2013,-1.167143
"Venezuela, RB",VEN,2014,YR2014,-1.226763
"Venezuela, RB",VEN,2015,YR2015,-1.219922
"Venezuela, RB",VEN,2016,YR2016,-1.285731
"Venezuela, RB",VEN,2017,YR2017,-1.398328
Vietnam,VNM,2010,YR2010,-0.2591378
Vietnam,VNM,2011,YR2011,-0.2325072
Vietnam,VNM,2012,YR2012,-0.2698495
Vietnam,VNM,2013,YR2013,-0.2656434
Vietnam,VNM,2014,YR2014,-0.0704517
Vietnam,VNM,2015,YR2015,0.0673999
Vietnam,VNM,2016,YR2016,0.0197048
Vietnam,VNM,2017,YR2017,0.0094425
Virgin Islands (U.S.),VIR,2010,YR2010,1.261736
Virgin Islands (U.S.),VIR,2011,YR2011,1.250238
Virgin Islands (U.S.),VIR,2012,YR2012,1.270008
Virgin Islands (U.S.),VIR,2013,YR2013,1.277188
Virgin Islands (U.S.),VIR,2014,YR2014,1.207598
Virgin Islands (U.S.),VIR,2015,YR2015,1.26729
Virgin Islands (U.S.),VIR,2016,YR2016,1.328888
Virgin Islands (U.S.),VIR,2017,YR2017,0.8358998
West Bank and Gaza,PSE,2010,YR2010,-0.3687704
West Bank and Gaza,PSE,2011,YR2011,-0.5929026
West Bank and Gaza,PSE,2012,YR2012,-0.7112103
West Bank and Gaza,PSE,2013,YR2013,-0.7256384
West Bank and Gaza,PSE,2014,YR2014,-0.4878875
West Bank and Gaza,PSE,2015,YR2015,-0.4738435
West Bank and Gaza,PSE,2016,YR2016,-0.6354337
West Bank and Gaza,PSE,2017,YR2017,-0.4019381
"Yemen, Rep.",YEM,2010,YR2010,-1.017816
"Yemen, Rep.",YEM,2011,YR2011,-1.146906
"Yemen, Rep.",YEM,2012,YR2012,-1.273241
"Yemen, Rep.",YEM,2013,YR2013,-1.220351
"Yemen, Rep.",YEM,2014,YR2014,-1.410873
"Yemen, Rep.",YEM,2015,YR2015,-1.627101
"Yemen, Rep.",YEM,2016,YR2016,-1.825059
"Yemen, Rep.",YEM,2017,YR2017,-1.915434
Zambia,ZMB,2010,YR2010,-0.8508871
Zambia,ZMB,2011,YR2011,-0.6594403
Zambia,ZMB,2012,YR2012,-0.4761798
Zambia,ZMB,2013,YR2013,-0.4925183
Zambia,ZMB,2014,YR2014,-0.4995747
Zambia,ZMB,2015,YR2015,-0.5556649
Zambia,ZMB,2016,YR2016,-0.6600587
Zambia,ZMB,2017,YR2017,-0.6275681
Zimbabwe,ZWE,2010,YR2010,-1.511986
Zimbabwe,ZWE,2011,YR2011,-1.371597
Zimbabwe,ZWE,2012,YR2012,-1.336259
Zimbabwe,ZWE,2013,YR2013,-1.27751
Zimbabwe,ZWE,2014,YR2014,-1.210598
Zimbabwe,ZWE,2015,YR2015,-1.157869
Zimbabwe,ZWE,2016,YR2016,-1.15835
Zimbabwe,ZWE,2017,YR2017,-1.188722
,,,,
,,,,
,,,,
Data from database: Worldwide Governance Indicators,,,,
Last Updated: 09/28/2020,,,,
