Country Name,Country Code,Time,Time Code,Strength of legal rights index (0=weak to 12=strong) [IC.LGL.CRED.XQ]
Afghanistan,AFG,2010,YR2010,..
Afghanistan,AFG,2011,YR2011,..
Afghanistan,AFG,2012,YR2012,..
Afghanistan,AFG,2013,YR2013,9
Afghanistan,AFG,2014,YR2014,9
Afghanistan,AFG,2015,YR2015,9
Afghanistan,AFG,2016,YR2016,9
Afghanistan,AFG,2017,YR2017,9
Afghanistan,AFG,2018,YR2018,10
Afghanistan,AFG,2019,YR2019,10
Albania,ALB,2010,YR2010,..
Albania,ALB,2011,YR2011,..
Albania,ALB,2012,YR2012,..
Albania,ALB,2013,YR2013,7
Albania,ALB,2014,YR2014,6
Albania,ALB,2015,YR2015,6
Albania,ALB,2016,YR2016,6
Albania,ALB,2017,YR2017,8
Albania,ALB,2018,YR2018,8
Albania,ALB,2019,YR2019,8
Algeria,DZA,2010,YR2010,..
Algeria,DZA,2011,YR2011,..
Algeria,DZA,2012,YR2012,..
Algeria,DZA,2013,YR2013,2
Algeria,DZA,2014,YR2014,2
Algeria,DZA,2015,YR2015,2
Algeria,DZA,2016,YR2016,2
Algeria,DZA,2017,YR2017,2
Algeria,DZA,2018,YR2018,2
Algeria,DZA,2019,YR2019,2
American Samoa,ASM,2010,YR2010,..
American Samoa,ASM,2011,YR2011,..
American Samoa,ASM,2012,YR2012,..
American Samoa,ASM,2013,YR2013,..
American Samoa,ASM,2014,YR2014,..
American Samoa,ASM,2015,YR2015,..
American Samoa,ASM,2016,YR2016,..
American Samoa,ASM,2017,YR2017,..
American Samoa,ASM,2018,YR2018,..
American Samoa,ASM,2019,YR2019,..
Andorra,AND,2010,YR2010,..
Andorra,AND,2011,YR2011,..
Andorra,AND,2012,YR2012,..
Andorra,AND,2013,YR2013,..
Andorra,AND,2014,YR2014,..
Andorra,AND,2015,YR2015,..
Andorra,AND,2016,YR2016,..
Andorra,AND,2017,YR2017,..
Andorra,AND,2018,YR2018,..
Andorra,AND,2019,YR2019,..
Angola,AGO,2010,YR2010,..
Angola,AGO,2011,YR2011,..
Angola,AGO,2012,YR2012,..
Angola,AGO,2013,YR2013,1
Angola,AGO,2014,YR2014,1
Angola,AGO,2015,YR2015,1
Angola,AGO,2016,YR2016,1
Angola,AGO,2017,YR2017,1
Angola,AGO,2018,YR2018,1
Angola,AGO,2019,YR2019,1
Antigua and Barbuda,ATG,2010,YR2010,..
Antigua and Barbuda,ATG,2011,YR2011,..
Antigua and Barbuda,ATG,2012,YR2012,..
Antigua and Barbuda,ATG,2013,YR2013,5
Antigua and Barbuda,ATG,2014,YR2014,5
Antigua and Barbuda,ATG,2015,YR2015,5
Antigua and Barbuda,ATG,2016,YR2016,5
Antigua and Barbuda,ATG,2017,YR2017,5
Antigua and Barbuda,ATG,2018,YR2018,5
Antigua and Barbuda,ATG,2019,YR2019,5
Argentina,ARG,2010,YR2010,..
Argentina,ARG,2011,YR2011,..
Argentina,ARG,2012,YR2012,..
Argentina,ARG,2013,YR2013,2
Argentina,ARG,2014,YR2014,2
Argentina,ARG,2015,YR2015,2
Argentina,ARG,2016,YR2016,2
Argentina,ARG,2017,YR2017,2
Argentina,ARG,2018,YR2018,2
Argentina,ARG,2019,YR2019,2
Armenia,ARM,2010,YR2010,..
Armenia,ARM,2011,YR2011,..
Armenia,ARM,2012,YR2012,..
Armenia,ARM,2013,YR2013,4
Armenia,ARM,2014,YR2014,4
Armenia,ARM,2015,YR2015,4
Armenia,ARM,2016,YR2016,6
Armenia,ARM,2017,YR2017,6
Armenia,ARM,2018,YR2018,6
Armenia,ARM,2019,YR2019,6
Aruba,ABW,2010,YR2010,..
Aruba,ABW,2011,YR2011,..
Aruba,ABW,2012,YR2012,..
Aruba,ABW,2013,YR2013,..
Aruba,ABW,2014,YR2014,..
Aruba,ABW,2015,YR2015,..
Aruba,ABW,2016,YR2016,..
Aruba,ABW,2017,YR2017,..
Aruba,ABW,2018,YR2018,..
Aruba,ABW,2019,YR2019,..
Australia,AUS,2010,YR2010,..
Australia,AUS,2011,YR2011,..
Australia,AUS,2012,YR2012,..
Australia,AUS,2013,YR2013,11
Australia,AUS,2014,YR2014,11
Australia,AUS,2015,YR2015,11
Australia,AUS,2016,YR2016,11
Australia,AUS,2017,YR2017,11
Australia,AUS,2018,YR2018,11
Australia,AUS,2019,YR2019,11
Austria,AUT,2010,YR2010,..
Austria,AUT,2011,YR2011,..
Austria,AUT,2012,YR2012,..
Austria,AUT,2013,YR2013,4
Austria,AUT,2014,YR2014,4
Austria,AUT,2015,YR2015,4
Austria,AUT,2016,YR2016,4
Austria,AUT,2017,YR2017,4
Austria,AUT,2018,YR2018,4
Austria,AUT,2019,YR2019,4
Azerbaijan,AZE,2010,YR2010,..
Azerbaijan,AZE,2011,YR2011,..
Azerbaijan,AZE,2012,YR2012,..
Azerbaijan,AZE,2013,YR2013,2
Azerbaijan,AZE,2014,YR2014,2
Azerbaijan,AZE,2015,YR2015,2
Azerbaijan,AZE,2016,YR2016,2
Azerbaijan,AZE,2017,YR2017,2
Azerbaijan,AZE,2018,YR2018,8
Azerbaijan,AZE,2019,YR2019,12
"Bahamas, The",BHS,2010,YR2010,..
"Bahamas, The",BHS,2011,YR2011,..
"Bahamas, The",BHS,2012,YR2012,..
"Bahamas, The",BHS,2013,YR2013,6
"Bahamas, The",BHS,2014,YR2014,6
"Bahamas, The",BHS,2015,YR2015,6
"Bahamas, The",BHS,2016,YR2016,6
"Bahamas, The",BHS,2017,YR2017,6
"Bahamas, The",BHS,2018,YR2018,6
"Bahamas, The",BHS,2019,YR2019,6
Bahrain,BHR,2010,YR2010,..
Bahrain,BHR,2011,YR2011,..
Bahrain,BHR,2012,YR2012,..
Bahrain,BHR,2013,YR2013,1
Bahrain,BHR,2014,YR2014,1
Bahrain,BHR,2015,YR2015,1
Bahrain,BHR,2016,YR2016,1
Bahrain,BHR,2017,YR2017,1
Bahrain,BHR,2018,YR2018,1
Bahrain,BHR,2019,YR2019,3
Bangladesh,BGD,2010,YR2010,..
Bangladesh,BGD,2011,YR2011,..
Bangladesh,BGD,2012,YR2012,..
Bangladesh,BGD,2013,YR2013,5
Bangladesh,BGD,2014,YR2014,5
Bangladesh,BGD,2015,YR2015,5
Bangladesh,BGD,2016,YR2016,5
Bangladesh,BGD,2017,YR2017,5
Bangladesh,BGD,2018,YR2018,5
Bangladesh,BGD,2019,YR2019,5
Barbados,BRB,2010,YR2010,..
Barbados,BRB,2011,YR2011,..
Barbados,BRB,2012,YR2012,..
Barbados,BRB,2013,YR2013,6
Barbados,BRB,2014,YR2014,6
Barbados,BRB,2015,YR2015,6
Barbados,BRB,2016,YR2016,6
Barbados,BRB,2017,YR2017,6
Barbados,BRB,2018,YR2018,6
Barbados,BRB,2019,YR2019,6
Belarus,BLR,2010,YR2010,..
Belarus,BLR,2011,YR2011,..
Belarus,BLR,2012,YR2012,..
Belarus,BLR,2013,YR2013,1
Belarus,BLR,2014,YR2014,1
Belarus,BLR,2015,YR2015,1
Belarus,BLR,2016,YR2016,1
Belarus,BLR,2017,YR2017,3
Belarus,BLR,2018,YR2018,3
Belarus,BLR,2019,YR2019,3
Belgium,BEL,2010,YR2010,..
Belgium,BEL,2011,YR2011,..
Belgium,BEL,2012,YR2012,..
Belgium,BEL,2013,YR2013,4
Belgium,BEL,2014,YR2014,4
Belgium,BEL,2015,YR2015,4
Belgium,BEL,2016,YR2016,4
Belgium,BEL,2017,YR2017,4
Belgium,BEL,2018,YR2018,8
Belgium,BEL,2019,YR2019,8
Belize,BLZ,2010,YR2010,..
Belize,BLZ,2011,YR2011,..
Belize,BLZ,2012,YR2012,..
Belize,BLZ,2013,YR2013,4
Belize,BLZ,2014,YR2014,4
Belize,BLZ,2015,YR2015,4
Belize,BLZ,2016,YR2016,4
Belize,BLZ,2017,YR2017,4
Belize,BLZ,2018,YR2018,4
Belize,BLZ,2019,YR2019,4
Benin,BEN,2010,YR2010,..
Benin,BEN,2011,YR2011,..
Benin,BEN,2012,YR2012,..
Benin,BEN,2013,YR2013,6
Benin,BEN,2014,YR2014,6
Benin,BEN,2015,YR2015,6
Benin,BEN,2016,YR2016,6
Benin,BEN,2017,YR2017,6
Benin,BEN,2018,YR2018,6
Benin,BEN,2019,YR2019,6
Bermuda,BMU,2010,YR2010,..
Bermuda,BMU,2011,YR2011,..
Bermuda,BMU,2012,YR2012,..
Bermuda,BMU,2013,YR2013,..
Bermuda,BMU,2014,YR2014,..
Bermuda,BMU,2015,YR2015,..
Bermuda,BMU,2016,YR2016,..
Bermuda,BMU,2017,YR2017,..
Bermuda,BMU,2018,YR2018,..
Bermuda,BMU,2019,YR2019,..
Bhutan,BTN,2010,YR2010,..
Bhutan,BTN,2011,YR2011,..
Bhutan,BTN,2012,YR2012,..
Bhutan,BTN,2013,YR2013,4
Bhutan,BTN,2014,YR2014,4
Bhutan,BTN,2015,YR2015,4
Bhutan,BTN,2016,YR2016,4
Bhutan,BTN,2017,YR2017,4
Bhutan,BTN,2018,YR2018,4
Bhutan,BTN,2019,YR2019,4
Bolivia,BOL,2010,YR2010,..
Bolivia,BOL,2011,YR2011,..
Bolivia,BOL,2012,YR2012,..
Bolivia,BOL,2013,YR2013,0
Bolivia,BOL,2014,YR2014,0
Bolivia,BOL,2015,YR2015,0
Bolivia,BOL,2016,YR2016,0
Bolivia,BOL,2017,YR2017,0
Bolivia,BOL,2018,YR2018,0
Bolivia,BOL,2019,YR2019,0
Bosnia and Herzegovina,BIH,2010,YR2010,..
Bosnia and Herzegovina,BIH,2011,YR2011,..
Bosnia and Herzegovina,BIH,2012,YR2012,..
Bosnia and Herzegovina,BIH,2013,YR2013,7
Bosnia and Herzegovina,BIH,2014,YR2014,7
Bosnia and Herzegovina,BIH,2015,YR2015,7
Bosnia and Herzegovina,BIH,2016,YR2016,7
Bosnia and Herzegovina,BIH,2017,YR2017,7
Bosnia and Herzegovina,BIH,2018,YR2018,7
Bosnia and Herzegovina,BIH,2019,YR2019,7
Botswana,BWA,2010,YR2010,..
Botswana,BWA,2011,YR2011,..
Botswana,BWA,2012,YR2012,..
Botswana,BWA,2013,YR2013,5
Botswana,BWA,2014,YR2014,5
Botswana,BWA,2015,YR2015,5
Botswana,BWA,2016,YR2016,5
Botswana,BWA,2017,YR2017,5
Botswana,BWA,2018,YR2018,5
Botswana,BWA,2019,YR2019,5
Brazil,BRA,2010,YR2010,..
Brazil,BRA,2011,YR2011,..
Brazil,BRA,2012,YR2012,..
Brazil,BRA,2013,YR2013,2
Brazil,BRA,2014,YR2014,2
Brazil,BRA,2015,YR2015,2
Brazil,BRA,2016,YR2016,2
Brazil,BRA,2017,YR2017,2
Brazil,BRA,2018,YR2018,2
Brazil,BRA,2019,YR2019,2
British Virgin Islands,VGB,2010,YR2010,..
British Virgin Islands,VGB,2011,YR2011,..
British Virgin Islands,VGB,2012,YR2012,..
British Virgin Islands,VGB,2013,YR2013,..
British Virgin Islands,VGB,2014,YR2014,..
British Virgin Islands,VGB,2015,YR2015,..
British Virgin Islands,VGB,2016,YR2016,..
British Virgin Islands,VGB,2017,YR2017,..
British Virgin Islands,VGB,2018,YR2018,..
British Virgin Islands,VGB,2019,YR2019,..
Brunei Darussalam,BRN,2010,YR2010,..
Brunei Darussalam,BRN,2011,YR2011,..
Brunei Darussalam,BRN,2012,YR2012,..
Brunei Darussalam,BRN,2013,YR2013,4
Brunei Darussalam,BRN,2014,YR2014,4
Brunei Darussalam,BRN,2015,YR2015,4
Brunei Darussalam,BRN,2016,YR2016,5
Brunei Darussalam,BRN,2017,YR2017,12
Brunei Darussalam,BRN,2018,YR2018,12
Brunei Darussalam,BRN,2019,YR2019,12
Bulgaria,BGR,2010,YR2010,..
Bulgaria,BGR,2011,YR2011,..
Bulgaria,BGR,2012,YR2012,..
Bulgaria,BGR,2013,YR2013,8
Bulgaria,BGR,2014,YR2014,8
Bulgaria,BGR,2015,YR2015,8
Bulgaria,BGR,2016,YR2016,8
Bulgaria,BGR,2017,YR2017,8
Bulgaria,BGR,2018,YR2018,8
Bulgaria,BGR,2019,YR2019,8
Burkina Faso,BFA,2010,YR2010,..
Burkina Faso,BFA,2011,YR2011,..
Burkina Faso,BFA,2012,YR2012,..
Burkina Faso,BFA,2013,YR2013,6
Burkina Faso,BFA,2014,YR2014,6
Burkina Faso,BFA,2015,YR2015,6
Burkina Faso,BFA,2016,YR2016,6
Burkina Faso,BFA,2017,YR2017,6
Burkina Faso,BFA,2018,YR2018,6
Burkina Faso,BFA,2019,YR2019,6
Burundi,BDI,2010,YR2010,..
Burundi,BDI,2011,YR2011,..
Burundi,BDI,2012,YR2012,..
Burundi,BDI,2013,YR2013,2
Burundi,BDI,2014,YR2014,2
Burundi,BDI,2015,YR2015,2
Burundi,BDI,2016,YR2016,2
Burundi,BDI,2017,YR2017,2
Burundi,BDI,2018,YR2018,2
Burundi,BDI,2019,YR2019,2
Cabo Verde,CPV,2010,YR2010,..
Cabo Verde,CPV,2011,YR2011,..
Cabo Verde,CPV,2012,YR2012,..
Cabo Verde,CPV,2013,YR2013,1
Cabo Verde,CPV,2014,YR2014,1
Cabo Verde,CPV,2015,YR2015,1
Cabo Verde,CPV,2016,YR2016,1
Cabo Verde,CPV,2017,YR2017,1
Cabo Verde,CPV,2018,YR2018,1
Cabo Verde,CPV,2019,YR2019,1
Cambodia,KHM,2010,YR2010,..
Cambodia,KHM,2011,YR2011,..
Cambodia,KHM,2012,YR2012,..
Cambodia,KHM,2013,YR2013,10
Cambodia,KHM,2014,YR2014,10
Cambodia,KHM,2015,YR2015,10
Cambodia,KHM,2016,YR2016,10
Cambodia,KHM,2017,YR2017,10
Cambodia,KHM,2018,YR2018,10
Cambodia,KHM,2019,YR2019,10
Cameroon,CMR,2010,YR2010,..
Cameroon,CMR,2011,YR2011,..
Cameroon,CMR,2012,YR2012,..
Cameroon,CMR,2013,YR2013,6
Cameroon,CMR,2014,YR2014,6
Cameroon,CMR,2015,YR2015,6
Cameroon,CMR,2016,YR2016,6
Cameroon,CMR,2017,YR2017,6
Cameroon,CMR,2018,YR2018,6
Cameroon,CMR,2019,YR2019,6
Canada,CAN,2010,YR2010,..
Canada,CAN,2011,YR2011,..
Canada,CAN,2012,YR2012,..
Canada,CAN,2013,YR2013,9
Canada,CAN,2014,YR2014,9
Canada,CAN,2015,YR2015,9
Canada,CAN,2016,YR2016,9
Canada,CAN,2017,YR2017,9
Canada,CAN,2018,YR2018,9
Canada,CAN,2019,YR2019,9
Cayman Islands,CYM,2010,YR2010,..
Cayman Islands,CYM,2011,YR2011,..
Cayman Islands,CYM,2012,YR2012,..
Cayman Islands,CYM,2013,YR2013,..
Cayman Islands,CYM,2014,YR2014,..
Cayman Islands,CYM,2015,YR2015,..
Cayman Islands,CYM,2016,YR2016,..
Cayman Islands,CYM,2017,YR2017,..
Cayman Islands,CYM,2018,YR2018,..
Cayman Islands,CYM,2019,YR2019,..
Central African Republic,CAF,2010,YR2010,..
Central African Republic,CAF,2011,YR2011,..
Central African Republic,CAF,2012,YR2012,..
Central African Republic,CAF,2013,YR2013,6
Central African Republic,CAF,2014,YR2014,6
Central African Republic,CAF,2015,YR2015,6
Central African Republic,CAF,2016,YR2016,6
Central African Republic,CAF,2017,YR2017,6
Central African Republic,CAF,2018,YR2018,6
Central African Republic,CAF,2019,YR2019,6
Chad,TCD,2010,YR2010,..
Chad,TCD,2011,YR2011,..
Chad,TCD,2012,YR2012,..
Chad,TCD,2013,YR2013,6
Chad,TCD,2014,YR2014,6
Chad,TCD,2015,YR2015,6
Chad,TCD,2016,YR2016,6
Chad,TCD,2017,YR2017,6
Chad,TCD,2018,YR2018,6
Chad,TCD,2019,YR2019,6
Channel Islands,CHI,2010,YR2010,..
Channel Islands,CHI,2011,YR2011,..
Channel Islands,CHI,2012,YR2012,..
Channel Islands,CHI,2013,YR2013,..
Channel Islands,CHI,2014,YR2014,..
Channel Islands,CHI,2015,YR2015,..
Channel Islands,CHI,2016,YR2016,..
Channel Islands,CHI,2017,YR2017,..
Channel Islands,CHI,2018,YR2018,..
Channel Islands,CHI,2019,YR2019,..
Chile,CHL,2010,YR2010,..
Chile,CHL,2011,YR2011,..
Chile,CHL,2012,YR2012,..
Chile,CHL,2013,YR2013,4
Chile,CHL,2014,YR2014,4
Chile,CHL,2015,YR2015,4
Chile,CHL,2016,YR2016,4
Chile,CHL,2017,YR2017,4
Chile,CHL,2018,YR2018,4
Chile,CHL,2019,YR2019,4
China,CHN,2010,YR2010,..
China,CHN,2011,YR2011,..
China,CHN,2012,YR2012,..
China,CHN,2013,YR2013,4
China,CHN,2014,YR2014,4
China,CHN,2015,YR2015,4
China,CHN,2016,YR2016,4
China,CHN,2017,YR2017,4
China,CHN,2018,YR2018,4
China,CHN,2019,YR2019,4
Colombia,COL,2010,YR2010,..
Colombia,COL,2011,YR2011,..
Colombia,COL,2012,YR2012,..
Colombia,COL,2013,YR2013,3
Colombia,COL,2014,YR2014,11
Colombia,COL,2015,YR2015,11
Colombia,COL,2016,YR2016,11
Colombia,COL,2017,YR2017,11
Colombia,COL,2018,YR2018,11
Colombia,COL,2019,YR2019,11
Comoros,COM,2010,YR2010,..
Comoros,COM,2011,YR2011,..
Comoros,COM,2012,YR2012,..
Comoros,COM,2013,YR2013,6
Comoros,COM,2014,YR2014,6
Comoros,COM,2015,YR2015,6
Comoros,COM,2016,YR2016,6
Comoros,COM,2017,YR2017,6
Comoros,COM,2018,YR2018,6
Comoros,COM,2019,YR2019,6
"Congo, Dem. Rep.",COD,2010,YR2010,..
"Congo, Dem. Rep.",COD,2011,YR2011,..
"Congo, Dem. Rep.",COD,2012,YR2012,..
"Congo, Dem. Rep.",COD,2013,YR2013,6
"Congo, Dem. Rep.",COD,2014,YR2014,6
"Congo, Dem. Rep.",COD,2015,YR2015,6
"Congo, Dem. Rep.",COD,2016,YR2016,6
"Congo, Dem. Rep.",COD,2017,YR2017,6
"Congo, Dem. Rep.",COD,2018,YR2018,6
"Congo, Dem. Rep.",COD,2019,YR2019,6
"Congo, Rep.",COG,2010,YR2010,..
"Congo, Rep.",COG,2011,YR2011,..
"Congo, Rep.",COG,2012,YR2012,..
"Congo, Rep.",COG,2013,YR2013,6
"Congo, Rep.",COG,2014,YR2014,6
"Congo, Rep.",COG,2015,YR2015,6
"Congo, Rep.",COG,2016,YR2016,6
"Congo, Rep.",COG,2017,YR2017,6
"Congo, Rep.",COG,2018,YR2018,6
"Congo, Rep.",COG,2019,YR2019,6
Costa Rica,CRI,2010,YR2010,..
Costa Rica,CRI,2011,YR2011,..
Costa Rica,CRI,2012,YR2012,..
Costa Rica,CRI,2013,YR2013,2
Costa Rica,CRI,2014,YR2014,2
Costa Rica,CRI,2015,YR2015,10
Costa Rica,CRI,2016,YR2016,10
Costa Rica,CRI,2017,YR2017,10
Costa Rica,CRI,2018,YR2018,10
Costa Rica,CRI,2019,YR2019,10
Cote d'Ivoire,CIV,2010,YR2010,..
Cote d'Ivoire,CIV,2011,YR2011,..
Cote d'Ivoire,CIV,2012,YR2012,..
Cote d'Ivoire,CIV,2013,YR2013,6
Cote d'Ivoire,CIV,2014,YR2014,6
Cote d'Ivoire,CIV,2015,YR2015,6
Cote d'Ivoire,CIV,2016,YR2016,6
Cote d'Ivoire,CIV,2017,YR2017,6
Cote d'Ivoire,CIV,2018,YR2018,6
Cote d'Ivoire,CIV,2019,YR2019,6
Croatia,HRV,2010,YR2010,..
Croatia,HRV,2011,YR2011,..
Croatia,HRV,2012,YR2012,..
Croatia,HRV,2013,YR2013,5
Croatia,HRV,2014,YR2014,5
Croatia,HRV,2015,YR2015,5
Croatia,HRV,2016,YR2016,5
Croatia,HRV,2017,YR2017,5
Croatia,HRV,2018,YR2018,5
Croatia,HRV,2019,YR2019,5
Cuba,CUB,2010,YR2010,..
Cuba,CUB,2011,YR2011,..
Cuba,CUB,2012,YR2012,..
Cuba,CUB,2013,YR2013,..
Cuba,CUB,2014,YR2014,..
Cuba,CUB,2015,YR2015,..
Cuba,CUB,2016,YR2016,..
Cuba,CUB,2017,YR2017,..
Cuba,CUB,2018,YR2018,..
Cuba,CUB,2019,YR2019,..
Curacao,CUW,2010,YR2010,..
Curacao,CUW,2011,YR2011,..
Curacao,CUW,2012,YR2012,..
Curacao,CUW,2013,YR2013,..
Curacao,CUW,2014,YR2014,..
Curacao,CUW,2015,YR2015,..
Curacao,CUW,2016,YR2016,..
Curacao,CUW,2017,YR2017,..
Curacao,CUW,2018,YR2018,..
Curacao,CUW,2019,YR2019,..
Cyprus,CYP,2010,YR2010,..
Cyprus,CYP,2011,YR2011,..
Cyprus,CYP,2012,YR2012,..
Cyprus,CYP,2013,YR2013,7
Cyprus,CYP,2014,YR2014,7
Cyprus,CYP,2015,YR2015,7
Cyprus,CYP,2016,YR2016,7
Cyprus,CYP,2017,YR2017,7
Cyprus,CYP,2018,YR2018,7
Cyprus,CYP,2019,YR2019,7
Czech Republic,CZE,2010,YR2010,..
Czech Republic,CZE,2011,YR2011,..
Czech Republic,CZE,2012,YR2012,..
Czech Republic,CZE,2013,YR2013,5
Czech Republic,CZE,2014,YR2014,7
Czech Republic,CZE,2015,YR2015,7
Czech Republic,CZE,2016,YR2016,7
Czech Republic,CZE,2017,YR2017,7
Czech Republic,CZE,2018,YR2018,7
Czech Republic,CZE,2019,YR2019,7
Denmark,DNK,2010,YR2010,..
Denmark,DNK,2011,YR2011,..
Denmark,DNK,2012,YR2012,..
Denmark,DNK,2013,YR2013,8
Denmark,DNK,2014,YR2014,8
Denmark,DNK,2015,YR2015,8
Denmark,DNK,2016,YR2016,8
Denmark,DNK,2017,YR2017,8
Denmark,DNK,2018,YR2018,8
Denmark,DNK,2019,YR2019,8
Djibouti,DJI,2010,YR2010,..
Djibouti,DJI,2011,YR2011,..
Djibouti,DJI,2012,YR2012,..
Djibouti,DJI,2013,YR2013,1
Djibouti,DJI,2014,YR2014,1
Djibouti,DJI,2015,YR2015,1
Djibouti,DJI,2016,YR2016,1
Djibouti,DJI,2017,YR2017,1
Djibouti,DJI,2018,YR2018,5
Djibouti,DJI,2019,YR2019,8
Dominica,DMA,2010,YR2010,..
Dominica,DMA,2011,YR2011,..
Dominica,DMA,2012,YR2012,..
Dominica,DMA,2013,YR2013,6
Dominica,DMA,2014,YR2014,6
Dominica,DMA,2015,YR2015,6
Dominica,DMA,2016,YR2016,6
Dominica,DMA,2017,YR2017,6
Dominica,DMA,2018,YR2018,6
Dominica,DMA,2019,YR2019,6
Dominican Republic,DOM,2010,YR2010,..
Dominican Republic,DOM,2011,YR2011,..
Dominican Republic,DOM,2012,YR2012,..
Dominican Republic,DOM,2013,YR2013,1
Dominican Republic,DOM,2014,YR2014,1
Dominican Republic,DOM,2015,YR2015,1
Dominican Republic,DOM,2016,YR2016,1
Dominican Republic,DOM,2017,YR2017,1
Dominican Republic,DOM,2018,YR2018,1
Dominican Republic,DOM,2019,YR2019,1
Ecuador,ECU,2010,YR2010,..
Ecuador,ECU,2011,YR2011,..
Ecuador,ECU,2012,YR2012,..
Ecuador,ECU,2013,YR2013,1
Ecuador,ECU,2014,YR2014,1
Ecuador,ECU,2015,YR2015,1
Ecuador,ECU,2016,YR2016,1
Ecuador,ECU,2017,YR2017,1
Ecuador,ECU,2018,YR2018,1
Ecuador,ECU,2019,YR2019,1
"Egypt, Arab Rep.",EGY,2010,YR2010,..
"Egypt, Arab Rep.",EGY,2011,YR2011,..
"Egypt, Arab Rep.",EGY,2012,YR2012,..
"Egypt, Arab Rep.",EGY,2013,YR2013,2
"Egypt, Arab Rep.",EGY,2014,YR2014,2
"Egypt, Arab Rep.",EGY,2015,YR2015,2
"Egypt, Arab Rep.",EGY,2016,YR2016,2
"Egypt, Arab Rep.",EGY,2017,YR2017,2
"Egypt, Arab Rep.",EGY,2018,YR2018,5
"Egypt, Arab Rep.",EGY,2019,YR2019,5
El Salvador,SLV,2010,YR2010,..
El Salvador,SLV,2011,YR2011,..
El Salvador,SLV,2012,YR2012,..
El Salvador,SLV,2013,YR2013,3
El Salvador,SLV,2014,YR2014,3
El Salvador,SLV,2015,YR2015,9
El Salvador,SLV,2016,YR2016,9
El Salvador,SLV,2017,YR2017,9
El Salvador,SLV,2018,YR2018,9
El Salvador,SLV,2019,YR2019,9
Equatorial Guinea,GNQ,2010,YR2010,..
Equatorial Guinea,GNQ,2011,YR2011,..
Equatorial Guinea,GNQ,2012,YR2012,..
Equatorial Guinea,GNQ,2013,YR2013,6
Equatorial Guinea,GNQ,2014,YR2014,6
Equatorial Guinea,GNQ,2015,YR2015,6
Equatorial Guinea,GNQ,2016,YR2016,6
Equatorial Guinea,GNQ,2017,YR2017,6
Equatorial Guinea,GNQ,2018,YR2018,6
Equatorial Guinea,GNQ,2019,YR2019,6
Eritrea,ERI,2010,YR2010,..
Eritrea,ERI,2011,YR2011,..
Eritrea,ERI,2012,YR2012,..
Eritrea,ERI,2013,YR2013,0
Eritrea,ERI,2014,YR2014,0
Eritrea,ERI,2015,YR2015,0
Eritrea,ERI,2016,YR2016,0
Eritrea,ERI,2017,YR2017,0
Eritrea,ERI,2018,YR2018,0
Eritrea,ERI,2019,YR2019,0
Estonia,EST,2010,YR2010,..
Estonia,EST,2011,YR2011,..
Estonia,EST,2012,YR2012,..
Estonia,EST,2013,YR2013,7
Estonia,EST,2014,YR2014,7
Estonia,EST,2015,YR2015,7
Estonia,EST,2016,YR2016,7
Estonia,EST,2017,YR2017,7
Estonia,EST,2018,YR2018,7
Estonia,EST,2019,YR2019,7
Eswatini,SWZ,2010,YR2010,..
Eswatini,SWZ,2011,YR2011,..
Eswatini,SWZ,2012,YR2012,..
Eswatini,SWZ,2013,YR2013,4
Eswatini,SWZ,2014,YR2014,4
Eswatini,SWZ,2015,YR2015,4
Eswatini,SWZ,2016,YR2016,4
Eswatini,SWZ,2017,YR2017,4
Eswatini,SWZ,2018,YR2018,4
Eswatini,SWZ,2019,YR2019,4
Ethiopia,ETH,2010,YR2010,..
Ethiopia,ETH,2011,YR2011,..
Ethiopia,ETH,2012,YR2012,..
Ethiopia,ETH,2013,YR2013,3
Ethiopia,ETH,2014,YR2014,3
Ethiopia,ETH,2015,YR2015,3
Ethiopia,ETH,2016,YR2016,3
Ethiopia,ETH,2017,YR2017,3
Ethiopia,ETH,2018,YR2018,3
Ethiopia,ETH,2019,YR2019,3
Faroe Islands,FRO,2010,YR2010,..
Faroe Islands,FRO,2011,YR2011,..
Faroe Islands,FRO,2012,YR2012,..
Faroe Islands,FRO,2013,YR2013,..
Faroe Islands,FRO,2014,YR2014,..
Faroe Islands,FRO,2015,YR2015,..
Faroe Islands,FRO,2016,YR2016,..
Faroe Islands,FRO,2017,YR2017,..
Faroe Islands,FRO,2018,YR2018,..
Faroe Islands,FRO,2019,YR2019,..
Fiji,FJI,2010,YR2010,..
Fiji,FJI,2011,YR2011,..
Fiji,FJI,2012,YR2012,..
Fiji,FJI,2013,YR2013,5
Fiji,FJI,2014,YR2014,5
Fiji,FJI,2015,YR2015,5
Fiji,FJI,2016,YR2016,5
Fiji,FJI,2017,YR2017,5
Fiji,FJI,2018,YR2018,5
Fiji,FJI,2019,YR2019,5
Finland,FIN,2010,YR2010,..
Finland,FIN,2011,YR2011,..
Finland,FIN,2012,YR2012,..
Finland,FIN,2013,YR2013,6
Finland,FIN,2014,YR2014,6
Finland,FIN,2015,YR2015,6
Finland,FIN,2016,YR2016,6
Finland,FIN,2017,YR2017,6
Finland,FIN,2018,YR2018,6
Finland,FIN,2019,YR2019,6
France,FRA,2010,YR2010,..
France,FRA,2011,YR2011,..
France,FRA,2012,YR2012,..
France,FRA,2013,YR2013,4
France,FRA,2014,YR2014,4
France,FRA,2015,YR2015,4
France,FRA,2016,YR2016,4
France,FRA,2017,YR2017,4
France,FRA,2018,YR2018,4
France,FRA,2019,YR2019,4
French Polynesia,PYF,2010,YR2010,..
French Polynesia,PYF,2011,YR2011,..
French Polynesia,PYF,2012,YR2012,..
French Polynesia,PYF,2013,YR2013,..
French Polynesia,PYF,2014,YR2014,..
French Polynesia,PYF,2015,YR2015,..
French Polynesia,PYF,2016,YR2016,..
French Polynesia,PYF,2017,YR2017,..
French Polynesia,PYF,2018,YR2018,..
French Polynesia,PYF,2019,YR2019,..
Gabon,GAB,2010,YR2010,..
Gabon,GAB,2011,YR2011,..
Gabon,GAB,2012,YR2012,..
Gabon,GAB,2013,YR2013,6
Gabon,GAB,2014,YR2014,6
Gabon,GAB,2015,YR2015,6
Gabon,GAB,2016,YR2016,6
Gabon,GAB,2017,YR2017,6
Gabon,GAB,2018,YR2018,6
Gabon,GAB,2019,YR2019,6
"Gambia, The",GMB,2010,YR2010,..
"Gambia, The",GMB,2011,YR2011,..
"Gambia, The",GMB,2012,YR2012,..
"Gambia, The",GMB,2013,YR2013,4
"Gambia, The",GMB,2014,YR2014,4
"Gambia, The",GMB,2015,YR2015,4
"Gambia, The",GMB,2016,YR2016,6
"Gambia, The",GMB,2017,YR2017,6
"Gambia, The",GMB,2018,YR2018,6
"Gambia, The",GMB,2019,YR2019,6
Georgia,GEO,2010,YR2010,..
Georgia,GEO,2011,YR2011,..
Georgia,GEO,2012,YR2012,..
Georgia,GEO,2013,YR2013,9
Georgia,GEO,2014,YR2014,9
Georgia,GEO,2015,YR2015,9
Georgia,GEO,2016,YR2016,9
Georgia,GEO,2017,YR2017,9
Georgia,GEO,2018,YR2018,9
Georgia,GEO,2019,YR2019,9
Germany,DEU,2010,YR2010,..
Germany,DEU,2011,YR2011,..
Germany,DEU,2012,YR2012,..
Germany,DEU,2013,YR2013,6
Germany,DEU,2014,YR2014,6
Germany,DEU,2015,YR2015,6
Germany,DEU,2016,YR2016,6
Germany,DEU,2017,YR2017,6
Germany,DEU,2018,YR2018,6
Germany,DEU,2019,YR2019,6
Ghana,GHA,2010,YR2010,..
Ghana,GHA,2011,YR2011,..
Ghana,GHA,2012,YR2012,..
Ghana,GHA,2013,YR2013,6
Ghana,GHA,2014,YR2014,6
Ghana,GHA,2015,YR2015,6
Ghana,GHA,2016,YR2016,6
Ghana,GHA,2017,YR2017,6
Ghana,GHA,2018,YR2018,6
Ghana,GHA,2019,YR2019,6
Gibraltar,GIB,2010,YR2010,..
Gibraltar,GIB,2011,YR2011,..
Gibraltar,GIB,2012,YR2012,..
Gibraltar,GIB,2013,YR2013,..
Gibraltar,GIB,2014,YR2014,..
Gibraltar,GIB,2015,YR2015,..
Gibraltar,GIB,2016,YR2016,..
Gibraltar,GIB,2017,YR2017,..
Gibraltar,GIB,2018,YR2018,..
Gibraltar,GIB,2019,YR2019,..
Greece,GRC,2010,YR2010,..
Greece,GRC,2011,YR2011,..
Greece,GRC,2012,YR2012,..
Greece,GRC,2013,YR2013,2
Greece,GRC,2014,YR2014,2
Greece,GRC,2015,YR2015,2
Greece,GRC,2016,YR2016,2
Greece,GRC,2017,YR2017,2
Greece,GRC,2018,YR2018,2
Greece,GRC,2019,YR2019,2
Greenland,GRL,2010,YR2010,..
Greenland,GRL,2011,YR2011,..
Greenland,GRL,2012,YR2012,..
Greenland,GRL,2013,YR2013,..
Greenland,GRL,2014,YR2014,..
Greenland,GRL,2015,YR2015,..
Greenland,GRL,2016,YR2016,..
Greenland,GRL,2017,YR2017,..
Greenland,GRL,2018,YR2018,..
Greenland,GRL,2019,YR2019,..
Grenada,GRD,2010,YR2010,..
Grenada,GRD,2011,YR2011,..
Grenada,GRD,2012,YR2012,..
Grenada,GRD,2013,YR2013,6
Grenada,GRD,2014,YR2014,6
Grenada,GRD,2015,YR2015,6
Grenada,GRD,2016,YR2016,6
Grenada,GRD,2017,YR2017,6
Grenada,GRD,2018,YR2018,6
Grenada,GRD,2019,YR2019,6
Guam,GUM,2010,YR2010,..
Guam,GUM,2011,YR2011,..
Guam,GUM,2012,YR2012,..
Guam,GUM,2013,YR2013,..
Guam,GUM,2014,YR2014,..
Guam,GUM,2015,YR2015,..
Guam,GUM,2016,YR2016,..
Guam,GUM,2017,YR2017,..
Guam,GUM,2018,YR2018,..
Guam,GUM,2019,YR2019,..
Guatemala,GTM,2010,YR2010,..
Guatemala,GTM,2011,YR2011,..
Guatemala,GTM,2012,YR2012,..
Guatemala,GTM,2013,YR2013,9
Guatemala,GTM,2014,YR2014,9
Guatemala,GTM,2015,YR2015,9
Guatemala,GTM,2016,YR2016,9
Guatemala,GTM,2017,YR2017,9
Guatemala,GTM,2018,YR2018,9
Guatemala,GTM,2019,YR2019,9
Guinea,GIN,2010,YR2010,..
Guinea,GIN,2011,YR2011,..
Guinea,GIN,2012,YR2012,..
Guinea,GIN,2013,YR2013,6
Guinea,GIN,2014,YR2014,6
Guinea,GIN,2015,YR2015,6
Guinea,GIN,2016,YR2016,6
Guinea,GIN,2017,YR2017,6
Guinea,GIN,2018,YR2018,6
Guinea,GIN,2019,YR2019,6
Guinea-Bissau,GNB,2010,YR2010,..
Guinea-Bissau,GNB,2011,YR2011,..
Guinea-Bissau,GNB,2012,YR2012,..
Guinea-Bissau,GNB,2013,YR2013,6
Guinea-Bissau,GNB,2014,YR2014,6
Guinea-Bissau,GNB,2015,YR2015,6
Guinea-Bissau,GNB,2016,YR2016,6
Guinea-Bissau,GNB,2017,YR2017,6
Guinea-Bissau,GNB,2018,YR2018,6
Guinea-Bissau,GNB,2019,YR2019,6
Guyana,GUY,2010,YR2010,..
Guyana,GUY,2011,YR2011,..
Guyana,GUY,2012,YR2012,..
Guyana,GUY,2013,YR2013,3
Guyana,GUY,2014,YR2014,3
Guyana,GUY,2015,YR2015,3
Guyana,GUY,2016,YR2016,3
Guyana,GUY,2017,YR2017,3
Guyana,GUY,2018,YR2018,3
Guyana,GUY,2019,YR2019,3
Haiti,HTI,2010,YR2010,..
Haiti,HTI,2011,YR2011,..
Haiti,HTI,2012,YR2012,..
Haiti,HTI,2013,YR2013,2
Haiti,HTI,2014,YR2014,2
Haiti,HTI,2015,YR2015,2
Haiti,HTI,2016,YR2016,2
Haiti,HTI,2017,YR2017,2
Haiti,HTI,2018,YR2018,2
Haiti,HTI,2019,YR2019,2
Honduras,HND,2010,YR2010,..
Honduras,HND,2011,YR2011,..
Honduras,HND,2012,YR2012,..
Honduras,HND,2013,YR2013,9
Honduras,HND,2014,YR2014,8
Honduras,HND,2015,YR2015,8
Honduras,HND,2016,YR2016,8
Honduras,HND,2017,YR2017,8
Honduras,HND,2018,YR2018,8
Honduras,HND,2019,YR2019,8
"Hong Kong SAR, China",HKG,2010,YR2010,..
"Hong Kong SAR, China",HKG,2011,YR2011,..
"Hong Kong SAR, China",HKG,2012,YR2012,..
"Hong Kong SAR, China",HKG,2013,YR2013,7
"Hong Kong SAR, China",HKG,2014,YR2014,7
"Hong Kong SAR, China",HKG,2015,YR2015,8
"Hong Kong SAR, China",HKG,2016,YR2016,8
"Hong Kong SAR, China",HKG,2017,YR2017,8
"Hong Kong SAR, China",HKG,2018,YR2018,8
"Hong Kong SAR, China",HKG,2019,YR2019,8
Hungary,HUN,2010,YR2010,..
Hungary,HUN,2011,YR2011,..
Hungary,HUN,2012,YR2012,..
Hungary,HUN,2013,YR2013,6
Hungary,HUN,2014,YR2014,9
Hungary,HUN,2015,YR2015,9
Hungary,HUN,2016,YR2016,9
Hungary,HUN,2017,YR2017,9
Hungary,HUN,2018,YR2018,9
Hungary,HUN,2019,YR2019,9
Iceland,ISL,2010,YR2010,..
Iceland,ISL,2011,YR2011,..
Iceland,ISL,2012,YR2012,..
Iceland,ISL,2013,YR2013,4
Iceland,ISL,2014,YR2014,4
Iceland,ISL,2015,YR2015,4
Iceland,ISL,2016,YR2016,4
Iceland,ISL,2017,YR2017,4
Iceland,ISL,2018,YR2018,4
Iceland,ISL,2019,YR2019,4
India,IND,2010,YR2010,..
India,IND,2011,YR2011,..
India,IND,2012,YR2012,..
India,IND,2013,YR2013,6
India,IND,2014,YR2014,6
India,IND,2015,YR2015,6
India,IND,2016,YR2016,6
India,IND,2017,YR2017,8
India,IND,2018,YR2018,9
India,IND,2019,YR2019,9
Indonesia,IDN,2010,YR2010,..
Indonesia,IDN,2011,YR2011,..
Indonesia,IDN,2012,YR2012,..
Indonesia,IDN,2013,YR2013,4
Indonesia,IDN,2014,YR2014,4
Indonesia,IDN,2015,YR2015,5
Indonesia,IDN,2016,YR2016,6
Indonesia,IDN,2017,YR2017,6
Indonesia,IDN,2018,YR2018,6
Indonesia,IDN,2019,YR2019,6
"Iran, Islamic Rep.",IRN,2010,YR2010,..
"Iran, Islamic Rep.",IRN,2011,YR2011,..
"Iran, Islamic Rep.",IRN,2012,YR2012,..
"Iran, Islamic Rep.",IRN,2013,YR2013,2
"Iran, Islamic Rep.",IRN,2014,YR2014,2
"Iran, Islamic Rep.",IRN,2015,YR2015,2
"Iran, Islamic Rep.",IRN,2016,YR2016,2
"Iran, Islamic Rep.",IRN,2017,YR2017,2
"Iran, Islamic Rep.",IRN,2018,YR2018,2
"Iran, Islamic Rep.",IRN,2019,YR2019,2
Iraq,IRQ,2010,YR2010,..
Iraq,IRQ,2011,YR2011,..
Iraq,IRQ,2012,YR2012,..
Iraq,IRQ,2013,YR2013,0
Iraq,IRQ,2014,YR2014,0
Iraq,IRQ,2015,YR2015,0
Iraq,IRQ,2016,YR2016,0
Iraq,IRQ,2017,YR2017,0
Iraq,IRQ,2018,YR2018,0
Iraq,IRQ,2019,YR2019,0
Ireland,IRL,2010,YR2010,..
Ireland,IRL,2011,YR2011,..
Ireland,IRL,2012,YR2012,..
Ireland,IRL,2013,YR2013,7
Ireland,IRL,2014,YR2014,7
Ireland,IRL,2015,YR2015,7
Ireland,IRL,2016,YR2016,7
Ireland,IRL,2017,YR2017,7
Ireland,IRL,2018,YR2018,7
Ireland,IRL,2019,YR2019,7
Isle of Man,IMN,2010,YR2010,..
Isle of Man,IMN,2011,YR2011,..
Isle of Man,IMN,2012,YR2012,..
Isle of Man,IMN,2013,YR2013,..
Isle of Man,IMN,2014,YR2014,..
Isle of Man,IMN,2015,YR2015,..
Isle of Man,IMN,2016,YR2016,..
Isle of Man,IMN,2017,YR2017,..
Isle of Man,IMN,2018,YR2018,..
Isle of Man,IMN,2019,YR2019,..
Israel,ISR,2010,YR2010,..
Israel,ISR,2011,YR2011,..
Israel,ISR,2012,YR2012,..
Israel,ISR,2013,YR2013,6
Israel,ISR,2014,YR2014,6
Israel,ISR,2015,YR2015,6
Israel,ISR,2016,YR2016,6
Israel,ISR,2017,YR2017,6
Israel,ISR,2018,YR2018,6
Israel,ISR,2019,YR2019,6
Italy,ITA,2010,YR2010,..
Italy,ITA,2011,YR2011,..
Italy,ITA,2012,YR2012,..
Italy,ITA,2013,YR2013,2
Italy,ITA,2014,YR2014,2
Italy,ITA,2015,YR2015,2
Italy,ITA,2016,YR2016,2
Italy,ITA,2017,YR2017,2
Italy,ITA,2018,YR2018,2
Italy,ITA,2019,YR2019,2
Jamaica,JAM,2010,YR2010,..
Jamaica,JAM,2011,YR2011,..
Jamaica,JAM,2012,YR2012,..
Jamaica,JAM,2013,YR2013,6
Jamaica,JAM,2014,YR2014,10
Jamaica,JAM,2015,YR2015,9
Jamaica,JAM,2016,YR2016,9
Jamaica,JAM,2017,YR2017,9
Jamaica,JAM,2018,YR2018,9
Jamaica,JAM,2019,YR2019,9
Japan,JPN,2010,YR2010,..
Japan,JPN,2011,YR2011,..
Japan,JPN,2012,YR2012,..
Japan,JPN,2013,YR2013,5
Japan,JPN,2014,YR2014,5
Japan,JPN,2015,YR2015,5
Japan,JPN,2016,YR2016,5
Japan,JPN,2017,YR2017,5
Japan,JPN,2018,YR2018,5
Japan,JPN,2019,YR2019,5
Jordan,JOR,2010,YR2010,..
Jordan,JOR,2011,YR2011,..
Jordan,JOR,2012,YR2012,..
Jordan,JOR,2013,YR2013,0
Jordan,JOR,2014,YR2014,0
Jordan,JOR,2015,YR2015,0
Jordan,JOR,2016,YR2016,0
Jordan,JOR,2017,YR2017,0
Jordan,JOR,2018,YR2018,0
Jordan,JOR,2019,YR2019,11
Kazakhstan,KAZ,2010,YR2010,..
Kazakhstan,KAZ,2011,YR2011,..
Kazakhstan,KAZ,2012,YR2012,..
Kazakhstan,KAZ,2013,YR2013,3
Kazakhstan,KAZ,2014,YR2014,3
Kazakhstan,KAZ,2015,YR2015,4
Kazakhstan,KAZ,2016,YR2016,4
Kazakhstan,KAZ,2017,YR2017,6
Kazakhstan,KAZ,2018,YR2018,6
Kazakhstan,KAZ,2019,YR2019,8
Kenya,KEN,2010,YR2010,..
Kenya,KEN,2011,YR2011,..
Kenya,KEN,2012,YR2012,..
Kenya,KEN,2013,YR2013,7
Kenya,KEN,2014,YR2014,7
Kenya,KEN,2015,YR2015,7
Kenya,KEN,2016,YR2016,7
Kenya,KEN,2017,YR2017,7
Kenya,KEN,2018,YR2018,10
Kenya,KEN,2019,YR2019,11
Kiribati,KIR,2010,YR2010,..
Kiribati,KIR,2011,YR2011,..
Kiribati,KIR,2012,YR2012,..
Kiribati,KIR,2013,YR2013,4
Kiribati,KIR,2014,YR2014,4
Kiribati,KIR,2015,YR2015,4
Kiribati,KIR,2016,YR2016,4
Kiribati,KIR,2017,YR2017,4
Kiribati,KIR,2018,YR2018,4
Kiribati,KIR,2019,YR2019,4
"Korea, Dem. People’s Rep.",PRK,2010,YR2010,..
"Korea, Dem. People’s Rep.",PRK,2011,YR2011,..
"Korea, Dem. People’s Rep.",PRK,2012,YR2012,..
"Korea, Dem. People’s Rep.",PRK,2013,YR2013,..
"Korea, Dem. People’s Rep.",PRK,2014,YR2014,..
"Korea, Dem. People’s Rep.",PRK,2015,YR2015,..
"Korea, Dem. People’s Rep.",PRK,2016,YR2016,..
"Korea, Dem. People’s Rep.",PRK,2017,YR2017,..
"Korea, Dem. People’s Rep.",PRK,2018,YR2018,..
"Korea, Dem. People’s Rep.",PRK,2019,YR2019,..
"Korea, Rep.",KOR,2010,YR2010,..
"Korea, Rep.",KOR,2011,YR2011,..
"Korea, Rep.",KOR,2012,YR2012,..
"Korea, Rep.",KOR,2013,YR2013,5
"Korea, Rep.",KOR,2014,YR2014,5
"Korea, Rep.",KOR,2015,YR2015,5
"Korea, Rep.",KOR,2016,YR2016,5
"Korea, Rep.",KOR,2017,YR2017,5
"Korea, Rep.",KOR,2018,YR2018,5
"Korea, Rep.",KOR,2019,YR2019,5
Kosovo,XKX,2010,YR2010,..
Kosovo,XKX,2011,YR2011,..
Kosovo,XKX,2012,YR2012,..
Kosovo,XKX,2013,YR2013,9
Kosovo,XKX,2014,YR2014,9
Kosovo,XKX,2015,YR2015,9
Kosovo,XKX,2016,YR2016,9
Kosovo,XKX,2017,YR2017,11
Kosovo,XKX,2018,YR2018,11
Kosovo,XKX,2019,YR2019,11
Kuwait,KWT,2010,YR2010,..
Kuwait,KWT,2011,YR2011,..
Kuwait,KWT,2012,YR2012,..
Kuwait,KWT,2013,YR2013,1
Kuwait,KWT,2014,YR2014,1
Kuwait,KWT,2015,YR2015,1
Kuwait,KWT,2016,YR2016,1
Kuwait,KWT,2017,YR2017,1
Kuwait,KWT,2018,YR2018,1
Kuwait,KWT,2019,YR2019,1
Kyrgyz Republic,KGZ,2010,YR2010,..
Kyrgyz Republic,KGZ,2011,YR2011,..
Kyrgyz Republic,KGZ,2012,YR2012,..
Kyrgyz Republic,KGZ,2013,YR2013,8
Kyrgyz Republic,KGZ,2014,YR2014,8
Kyrgyz Republic,KGZ,2015,YR2015,8
Kyrgyz Republic,KGZ,2016,YR2016,8
Kyrgyz Republic,KGZ,2017,YR2017,9
Kyrgyz Republic,KGZ,2018,YR2018,9
Kyrgyz Republic,KGZ,2019,YR2019,9
Lao PDR,LAO,2010,YR2010,..
Lao PDR,LAO,2011,YR2011,..
Lao PDR,LAO,2012,YR2012,..
Lao PDR,LAO,2013,YR2013,2
Lao PDR,LAO,2014,YR2014,6
Lao PDR,LAO,2015,YR2015,6
Lao PDR,LAO,2016,YR2016,6
Lao PDR,LAO,2017,YR2017,6
Lao PDR,LAO,2018,YR2018,6
Lao PDR,LAO,2019,YR2019,6
Latvia,LVA,2010,YR2010,..
Latvia,LVA,2011,YR2011,..
Latvia,LVA,2012,YR2012,..
Latvia,LVA,2013,YR2013,9
Latvia,LVA,2014,YR2014,9
Latvia,LVA,2015,YR2015,9
Latvia,LVA,2016,YR2016,9
Latvia,LVA,2017,YR2017,9
Latvia,LVA,2018,YR2018,9
Latvia,LVA,2019,YR2019,9
Lebanon,LBN,2010,YR2010,..
Lebanon,LBN,2011,YR2011,..
Lebanon,LBN,2012,YR2012,..
Lebanon,LBN,2013,YR2013,2
Lebanon,LBN,2014,YR2014,2
Lebanon,LBN,2015,YR2015,2
Lebanon,LBN,2016,YR2016,2
Lebanon,LBN,2017,YR2017,2
Lebanon,LBN,2018,YR2018,2
Lebanon,LBN,2019,YR2019,2
Lesotho,LSO,2010,YR2010,..
Lesotho,LSO,2011,YR2011,..
Lesotho,LSO,2012,YR2012,..
Lesotho,LSO,2013,YR2013,5
Lesotho,LSO,2014,YR2014,5
Lesotho,LSO,2015,YR2015,5
Lesotho,LSO,2016,YR2016,5
Lesotho,LSO,2017,YR2017,5
Lesotho,LSO,2018,YR2018,5
Lesotho,LSO,2019,YR2019,5
Liberia,LBR,2010,YR2010,..
Liberia,LBR,2011,YR2011,..
Liberia,LBR,2012,YR2012,..
Liberia,LBR,2013,YR2013,5
Liberia,LBR,2014,YR2014,5
Liberia,LBR,2015,YR2015,9
Liberia,LBR,2016,YR2016,9
Liberia,LBR,2017,YR2017,10
Liberia,LBR,2018,YR2018,10
Liberia,LBR,2019,YR2019,10
Libya,LBY,2010,YR2010,..
Libya,LBY,2011,YR2011,..
Libya,LBY,2012,YR2012,..
Libya,LBY,2013,YR2013,0
Libya,LBY,2014,YR2014,0
Libya,LBY,2015,YR2015,0
Libya,LBY,2016,YR2016,0
Libya,LBY,2017,YR2017,0
Libya,LBY,2018,YR2018,0
Libya,LBY,2019,YR2019,0
Liechtenstein,LIE,2010,YR2010,..
Liechtenstein,LIE,2011,YR2011,..
Liechtenstein,LIE,2012,YR2012,..
Liechtenstein,LIE,2013,YR2013,..
Liechtenstein,LIE,2014,YR2014,..
Liechtenstein,LIE,2015,YR2015,..
Liechtenstein,LIE,2016,YR2016,..
Liechtenstein,LIE,2017,YR2017,..
Liechtenstein,LIE,2018,YR2018,3
Liechtenstein,LIE,2019,YR2019,3
Lithuania,LTU,2010,YR2010,..
Lithuania,LTU,2011,YR2011,..
Lithuania,LTU,2012,YR2012,..
Lithuania,LTU,2013,YR2013,6
Lithuania,LTU,2014,YR2014,6
Lithuania,LTU,2015,YR2015,6
Lithuania,LTU,2016,YR2016,6
Lithuania,LTU,2017,YR2017,6
Lithuania,LTU,2018,YR2018,6
Lithuania,LTU,2019,YR2019,6
Luxembourg,LUX,2010,YR2010,..
Luxembourg,LUX,2011,YR2011,..
Luxembourg,LUX,2012,YR2012,..
Luxembourg,LUX,2013,YR2013,3
Luxembourg,LUX,2014,YR2014,3
Luxembourg,LUX,2015,YR2015,3
Luxembourg,LUX,2016,YR2016,3
Luxembourg,LUX,2017,YR2017,3
Luxembourg,LUX,2018,YR2018,3
Luxembourg,LUX,2019,YR2019,3
"Macao SAR, China",MAC,2010,YR2010,..
"Macao SAR, China",MAC,2011,YR2011,..
"Macao SAR, China",MAC,2012,YR2012,..
"Macao SAR, China",MAC,2013,YR2013,..
"Macao SAR, China",MAC,2014,YR2014,..
"Macao SAR, China",MAC,2015,YR2015,..
"Macao SAR, China",MAC,2016,YR2016,..
"Macao SAR, China",MAC,2017,YR2017,..
"Macao SAR, China",MAC,2018,YR2018,..
"Macao SAR, China",MAC,2019,YR2019,..
Madagascar,MDG,2010,YR2010,..
Madagascar,MDG,2011,YR2011,..
Madagascar,MDG,2012,YR2012,..
Madagascar,MDG,2013,YR2013,1
Madagascar,MDG,2014,YR2014,1
Madagascar,MDG,2015,YR2015,2
Madagascar,MDG,2016,YR2016,2
Madagascar,MDG,2017,YR2017,2
Madagascar,MDG,2018,YR2018,2
Madagascar,MDG,2019,YR2019,2
Malawi,MWI,2010,YR2010,..
Malawi,MWI,2011,YR2011,..
Malawi,MWI,2012,YR2012,..
Malawi,MWI,2013,YR2013,5
Malawi,MWI,2014,YR2014,5
Malawi,MWI,2015,YR2015,5
Malawi,MWI,2016,YR2016,9
Malawi,MWI,2017,YR2017,11
Malawi,MWI,2018,YR2018,11
Malawi,MWI,2019,YR2019,11
Malaysia,MYS,2010,YR2010,..
Malaysia,MYS,2011,YR2011,..
Malaysia,MYS,2012,YR2012,..
Malaysia,MYS,2013,YR2013,7
Malaysia,MYS,2014,YR2014,7
Malaysia,MYS,2015,YR2015,7
Malaysia,MYS,2016,YR2016,7
Malaysia,MYS,2017,YR2017,7
Malaysia,MYS,2018,YR2018,7
Malaysia,MYS,2019,YR2019,7
Maldives,MDV,2010,YR2010,..
Maldives,MDV,2011,YR2011,..
Maldives,MDV,2012,YR2012,..
Maldives,MDV,2013,YR2013,2
Maldives,MDV,2014,YR2014,2
Maldives,MDV,2015,YR2015,2
Maldives,MDV,2016,YR2016,2
Maldives,MDV,2017,YR2017,2
Maldives,MDV,2018,YR2018,2
Maldives,MDV,2019,YR2019,2
Mali,MLI,2010,YR2010,..
Mali,MLI,2011,YR2011,..
Mali,MLI,2012,YR2012,..
Mali,MLI,2013,YR2013,6
Mali,MLI,2014,YR2014,6
Mali,MLI,2015,YR2015,6
Mali,MLI,2016,YR2016,6
Mali,MLI,2017,YR2017,6
Mali,MLI,2018,YR2018,6
Mali,MLI,2019,YR2019,6
Malta,MLT,2010,YR2010,..
Malta,MLT,2011,YR2011,..
Malta,MLT,2012,YR2012,..
Malta,MLT,2013,YR2013,2
Malta,MLT,2014,YR2014,2
Malta,MLT,2015,YR2015,2
Malta,MLT,2016,YR2016,2
Malta,MLT,2017,YR2017,2
Malta,MLT,2018,YR2018,2
Malta,MLT,2019,YR2019,2
Marshall Islands,MHL,2010,YR2010,..
Marshall Islands,MHL,2011,YR2011,..
Marshall Islands,MHL,2012,YR2012,..
Marshall Islands,MHL,2013,YR2013,10
Marshall Islands,MHL,2014,YR2014,10
Marshall Islands,MHL,2015,YR2015,10
Marshall Islands,MHL,2016,YR2016,10
Marshall Islands,MHL,2017,YR2017,10
Marshall Islands,MHL,2018,YR2018,10
Marshall Islands,MHL,2019,YR2019,10
Mauritania,MRT,2010,YR2010,..
Mauritania,MRT,2011,YR2011,..
Mauritania,MRT,2012,YR2012,..
Mauritania,MRT,2013,YR2013,2
Mauritania,MRT,2014,YR2014,2
Mauritania,MRT,2015,YR2015,2
Mauritania,MRT,2016,YR2016,2
Mauritania,MRT,2017,YR2017,2
Mauritania,MRT,2018,YR2018,2
Mauritania,MRT,2019,YR2019,2
Mauritius,MUS,2010,YR2010,..
Mauritius,MUS,2011,YR2011,..
Mauritius,MUS,2012,YR2012,..
Mauritius,MUS,2013,YR2013,6
Mauritius,MUS,2014,YR2014,6
Mauritius,MUS,2015,YR2015,6
Mauritius,MUS,2016,YR2016,6
Mauritius,MUS,2017,YR2017,6
Mauritius,MUS,2018,YR2018,6
Mauritius,MUS,2019,YR2019,6
Mexico,MEX,2010,YR2010,..
Mexico,MEX,2011,YR2011,..
Mexico,MEX,2012,YR2012,..
Mexico,MEX,2013,YR2013,7
Mexico,MEX,2014,YR2014,8
Mexico,MEX,2015,YR2015,10
Mexico,MEX,2016,YR2016,10
Mexico,MEX,2017,YR2017,10
Mexico,MEX,2018,YR2018,10
Mexico,MEX,2019,YR2019,10
"Micronesia, Fed. Sts.",FSM,2010,YR2010,..
"Micronesia, Fed. Sts.",FSM,2011,YR2011,..
"Micronesia, Fed. Sts.",FSM,2012,YR2012,..
"Micronesia, Fed. Sts.",FSM,2013,YR2013,10
"Micronesia, Fed. Sts.",FSM,2014,YR2014,10
"Micronesia, Fed. Sts.",FSM,2015,YR2015,10
"Micronesia, Fed. Sts.",FSM,2016,YR2016,10
"Micronesia, Fed. Sts.",FSM,2017,YR2017,10
"Micronesia, Fed. Sts.",FSM,2018,YR2018,10
"Micronesia, Fed. Sts.",FSM,2019,YR2019,10
Moldova,MDA,2010,YR2010,..
Moldova,MDA,2011,YR2011,..
Moldova,MDA,2012,YR2012,..
Moldova,MDA,2013,YR2013,8
Moldova,MDA,2014,YR2014,8
Moldova,MDA,2015,YR2015,8
Moldova,MDA,2016,YR2016,8
Moldova,MDA,2017,YR2017,8
Moldova,MDA,2018,YR2018,8
Moldova,MDA,2019,YR2019,8
Monaco,MCO,2010,YR2010,..
Monaco,MCO,2011,YR2011,..
Monaco,MCO,2012,YR2012,..
Monaco,MCO,2013,YR2013,..
Monaco,MCO,2014,YR2014,..
Monaco,MCO,2015,YR2015,..
Monaco,MCO,2016,YR2016,..
Monaco,MCO,2017,YR2017,..
Monaco,MCO,2018,YR2018,..
Monaco,MCO,2019,YR2019,..
Mongolia,MNG,2010,YR2010,..
Mongolia,MNG,2011,YR2011,..
Mongolia,MNG,2012,YR2012,..
Mongolia,MNG,2013,YR2013,5
Mongolia,MNG,2014,YR2014,5
Mongolia,MNG,2015,YR2015,5
Mongolia,MNG,2016,YR2016,5
Mongolia,MNG,2017,YR2017,9
Mongolia,MNG,2018,YR2018,9
Mongolia,MNG,2019,YR2019,9
Montenegro,MNE,2010,YR2010,..
Montenegro,MNE,2011,YR2011,..
Montenegro,MNE,2012,YR2012,..
Montenegro,MNE,2013,YR2013,12
Montenegro,MNE,2014,YR2014,12
Montenegro,MNE,2015,YR2015,12
Montenegro,MNE,2016,YR2016,12
Montenegro,MNE,2017,YR2017,12
Montenegro,MNE,2018,YR2018,12
Montenegro,MNE,2019,YR2019,12
Morocco,MAR,2010,YR2010,..
Morocco,MAR,2011,YR2011,..
Morocco,MAR,2012,YR2012,..
Morocco,MAR,2013,YR2013,2
Morocco,MAR,2014,YR2014,2
Morocco,MAR,2015,YR2015,2
Morocco,MAR,2016,YR2016,2
Morocco,MAR,2017,YR2017,2
Morocco,MAR,2018,YR2018,2
Morocco,MAR,2019,YR2019,2
Mozambique,MOZ,2010,YR2010,..
Mozambique,MOZ,2011,YR2011,..
Mozambique,MOZ,2012,YR2012,..
Mozambique,MOZ,2013,YR2013,1
Mozambique,MOZ,2014,YR2014,1
Mozambique,MOZ,2015,YR2015,1
Mozambique,MOZ,2016,YR2016,1
Mozambique,MOZ,2017,YR2017,1
Mozambique,MOZ,2018,YR2018,1
Mozambique,MOZ,2019,YR2019,1
Myanmar,MMR,2010,YR2010,..
Myanmar,MMR,2011,YR2011,..
Myanmar,MMR,2012,YR2012,..
Myanmar,MMR,2013,YR2013,2
Myanmar,MMR,2014,YR2014,2
Myanmar,MMR,2015,YR2015,2
Myanmar,MMR,2016,YR2016,2
Myanmar,MMR,2017,YR2017,2
Myanmar,MMR,2018,YR2018,2
Myanmar,MMR,2019,YR2019,2
Namibia,NAM,2010,YR2010,..
Namibia,NAM,2011,YR2011,..
Namibia,NAM,2012,YR2012,..
Namibia,NAM,2013,YR2013,5
Namibia,NAM,2014,YR2014,5
Namibia,NAM,2015,YR2015,5
Namibia,NAM,2016,YR2016,5
Namibia,NAM,2017,YR2017,5
Namibia,NAM,2018,YR2018,5
Namibia,NAM,2019,YR2019,5
Nauru,NRU,2010,YR2010,..
Nauru,NRU,2011,YR2011,..
Nauru,NRU,2012,YR2012,..
Nauru,NRU,2013,YR2013,..
Nauru,NRU,2014,YR2014,..
Nauru,NRU,2015,YR2015,..
Nauru,NRU,2016,YR2016,..
Nauru,NRU,2017,YR2017,..
Nauru,NRU,2018,YR2018,..
Nauru,NRU,2019,YR2019,..
Nepal,NPL,2010,YR2010,..
Nepal,NPL,2011,YR2011,..
Nepal,NPL,2012,YR2012,..
Nepal,NPL,2013,YR2013,6
Nepal,NPL,2014,YR2014,6
Nepal,NPL,2015,YR2015,6
Nepal,NPL,2016,YR2016,6
Nepal,NPL,2017,YR2017,10
Nepal,NPL,2018,YR2018,10
Nepal,NPL,2019,YR2019,10
Netherlands,NLD,2010,YR2010,..
Netherlands,NLD,2011,YR2011,..
Netherlands,NLD,2012,YR2012,..
Netherlands,NLD,2013,YR2013,2
Netherlands,NLD,2014,YR2014,2
Netherlands,NLD,2015,YR2015,2
Netherlands,NLD,2016,YR2016,2
Netherlands,NLD,2017,YR2017,2
Netherlands,NLD,2018,YR2018,2
Netherlands,NLD,2019,YR2019,2
New Caledonia,NCL,2010,YR2010,..
New Caledonia,NCL,2011,YR2011,..
New Caledonia,NCL,2012,YR2012,..
New Caledonia,NCL,2013,YR2013,..
New Caledonia,NCL,2014,YR2014,..
New Caledonia,NCL,2015,YR2015,..
New Caledonia,NCL,2016,YR2016,..
New Caledonia,NCL,2017,YR2017,..
New Caledonia,NCL,2018,YR2018,..
New Caledonia,NCL,2019,YR2019,..
New Zealand,NZL,2010,YR2010,..
New Zealand,NZL,2011,YR2011,..
New Zealand,NZL,2012,YR2012,..
New Zealand,NZL,2013,YR2013,12
New Zealand,NZL,2014,YR2014,12
New Zealand,NZL,2015,YR2015,12
New Zealand,NZL,2016,YR2016,12
New Zealand,NZL,2017,YR2017,12
New Zealand,NZL,2018,YR2018,12
New Zealand,NZL,2019,YR2019,12
Nicaragua,NIC,2010,YR2010,..
Nicaragua,NIC,2011,YR2011,..
Nicaragua,NIC,2012,YR2012,..
Nicaragua,NIC,2013,YR2013,1
Nicaragua,NIC,2014,YR2014,1
Nicaragua,NIC,2015,YR2015,1
Nicaragua,NIC,2016,YR2016,1
Nicaragua,NIC,2017,YR2017,1
Nicaragua,NIC,2018,YR2018,2
Nicaragua,NIC,2019,YR2019,2
Niger,NER,2010,YR2010,..
Niger,NER,2011,YR2011,..
Niger,NER,2012,YR2012,..
Niger,NER,2013,YR2013,6
Niger,NER,2014,YR2014,6
Niger,NER,2015,YR2015,6
Niger,NER,2016,YR2016,6
Niger,NER,2017,YR2017,6
Niger,NER,2018,YR2018,6
Niger,NER,2019,YR2019,6
Nigeria,NGA,2010,YR2010,..
Nigeria,NGA,2011,YR2011,..
Nigeria,NGA,2012,YR2012,..
Nigeria,NGA,2013,YR2013,6
Nigeria,NGA,2014,YR2014,6
Nigeria,NGA,2015,YR2015,6
Nigeria,NGA,2016,YR2016,6
Nigeria,NGA,2017,YR2017,9
Nigeria,NGA,2018,YR2018,9
Nigeria,NGA,2019,YR2019,9
North Macedonia,MKD,2010,YR2010,..
North Macedonia,MKD,2011,YR2011,..
North Macedonia,MKD,2012,YR2012,..
North Macedonia,MKD,2013,YR2013,6
North Macedonia,MKD,2014,YR2014,6
North Macedonia,MKD,2015,YR2015,6
North Macedonia,MKD,2016,YR2016,9
North Macedonia,MKD,2017,YR2017,9
North Macedonia,MKD,2018,YR2018,9
North Macedonia,MKD,2019,YR2019,9
Northern Mariana Islands,MNP,2010,YR2010,..
Northern Mariana Islands,MNP,2011,YR2011,..
Northern Mariana Islands,MNP,2012,YR2012,..
Northern Mariana Islands,MNP,2013,YR2013,..
Northern Mariana Islands,MNP,2014,YR2014,..
Northern Mariana Islands,MNP,2015,YR2015,..
Northern Mariana Islands,MNP,2016,YR2016,..
Northern Mariana Islands,MNP,2017,YR2017,..
Northern Mariana Islands,MNP,2018,YR2018,..
Northern Mariana Islands,MNP,2019,YR2019,..
Norway,NOR,2010,YR2010,..
Norway,NOR,2011,YR2011,..
Norway,NOR,2012,YR2012,..
Norway,NOR,2013,YR2013,5
Norway,NOR,2014,YR2014,5
Norway,NOR,2015,YR2015,5
Norway,NOR,2016,YR2016,5
Norway,NOR,2017,YR2017,5
Norway,NOR,2018,YR2018,5
Norway,NOR,2019,YR2019,5
Oman,OMN,2010,YR2010,..
Oman,OMN,2011,YR2011,..
Oman,OMN,2012,YR2012,..
Oman,OMN,2013,YR2013,1
Oman,OMN,2014,YR2014,1
Oman,OMN,2015,YR2015,1
Oman,OMN,2016,YR2016,1
Oman,OMN,2017,YR2017,1
Oman,OMN,2018,YR2018,1
Oman,OMN,2019,YR2019,1
Pakistan,PAK,2010,YR2010,..
Pakistan,PAK,2011,YR2011,..
Pakistan,PAK,2012,YR2012,..
Pakistan,PAK,2013,YR2013,2
Pakistan,PAK,2014,YR2014,2
Pakistan,PAK,2015,YR2015,2
Pakistan,PAK,2016,YR2016,2
Pakistan,PAK,2017,YR2017,2
Pakistan,PAK,2018,YR2018,2
Pakistan,PAK,2019,YR2019,2
Palau,PLW,2010,YR2010,..
Palau,PLW,2011,YR2011,..
Palau,PLW,2012,YR2012,..
Palau,PLW,2013,YR2013,10
Palau,PLW,2014,YR2014,10
Palau,PLW,2015,YR2015,10
Palau,PLW,2016,YR2016,10
Palau,PLW,2017,YR2017,10
Palau,PLW,2018,YR2018,10
Palau,PLW,2019,YR2019,10
Panama,PAN,2010,YR2010,..
Panama,PAN,2011,YR2011,..
Panama,PAN,2012,YR2012,..
Panama,PAN,2013,YR2013,4
Panama,PAN,2014,YR2014,7
Panama,PAN,2015,YR2015,7
Panama,PAN,2016,YR2016,7
Panama,PAN,2017,YR2017,8
Panama,PAN,2018,YR2018,8
Panama,PAN,2019,YR2019,8
Papua New Guinea,PNG,2010,YR2010,..
Papua New Guinea,PNG,2011,YR2011,..
Papua New Guinea,PNG,2012,YR2012,..
Papua New Guinea,PNG,2013,YR2013,3
Papua New Guinea,PNG,2014,YR2014,3
Papua New Guinea,PNG,2015,YR2015,3
Papua New Guinea,PNG,2016,YR2016,9
Papua New Guinea,PNG,2017,YR2017,9
Papua New Guinea,PNG,2018,YR2018,9
Papua New Guinea,PNG,2019,YR2019,9
Paraguay,PRY,2010,YR2010,..
Paraguay,PRY,2011,YR2011,..
Paraguay,PRY,2012,YR2012,..
Paraguay,PRY,2013,YR2013,2
Paraguay,PRY,2014,YR2014,1
Paraguay,PRY,2015,YR2015,1
Paraguay,PRY,2016,YR2016,1
Paraguay,PRY,2017,YR2017,1
Paraguay,PRY,2018,YR2018,1
Paraguay,PRY,2019,YR2019,1
Peru,PER,2010,YR2010,..
Peru,PER,2011,YR2011,..
Peru,PER,2012,YR2012,..
Peru,PER,2013,YR2013,7
Peru,PER,2014,YR2014,7
Peru,PER,2015,YR2015,7
Peru,PER,2016,YR2016,7
Peru,PER,2017,YR2017,7
Peru,PER,2018,YR2018,7
Peru,PER,2019,YR2019,7
Philippines,PHL,2010,YR2010,..
Philippines,PHL,2011,YR2011,..
Philippines,PHL,2012,YR2012,..
Philippines,PHL,2013,YR2013,1
Philippines,PHL,2014,YR2014,1
Philippines,PHL,2015,YR2015,1
Philippines,PHL,2016,YR2016,1
Philippines,PHL,2017,YR2017,1
Philippines,PHL,2018,YR2018,1
Philippines,PHL,2019,YR2019,1
Poland,POL,2010,YR2010,..
Poland,POL,2011,YR2011,..
Poland,POL,2012,YR2012,..
Poland,POL,2013,YR2013,7
Poland,POL,2014,YR2014,7
Poland,POL,2015,YR2015,7
Poland,POL,2016,YR2016,7
Poland,POL,2017,YR2017,7
Poland,POL,2018,YR2018,7
Poland,POL,2019,YR2019,7
Portugal,PRT,2010,YR2010,..
Portugal,PRT,2011,YR2011,..
Portugal,PRT,2012,YR2012,..
Portugal,PRT,2013,YR2013,2
Portugal,PRT,2014,YR2014,2
Portugal,PRT,2015,YR2015,2
Portugal,PRT,2016,YR2016,2
Portugal,PRT,2017,YR2017,2
Portugal,PRT,2018,YR2018,2
Portugal,PRT,2019,YR2019,2
Puerto Rico,PRI,2010,YR2010,..
Puerto Rico,PRI,2011,YR2011,..
Puerto Rico,PRI,2012,YR2012,..
Puerto Rico,PRI,2013,YR2013,11
Puerto Rico,PRI,2014,YR2014,11
Puerto Rico,PRI,2015,YR2015,11
Puerto Rico,PRI,2016,YR2016,11
Puerto Rico,PRI,2017,YR2017,12
Puerto Rico,PRI,2018,YR2018,12
Puerto Rico,PRI,2019,YR2019,12
Qatar,QAT,2010,YR2010,..
Qatar,QAT,2011,YR2011,..
Qatar,QAT,2012,YR2012,..
Qatar,QAT,2013,YR2013,1
Qatar,QAT,2014,YR2014,1
Qatar,QAT,2015,YR2015,1
Qatar,QAT,2016,YR2016,1
Qatar,QAT,2017,YR2017,1
Qatar,QAT,2018,YR2018,1
Qatar,QAT,2019,YR2019,1
Romania,ROU,2010,YR2010,..
Romania,ROU,2011,YR2011,..
Romania,ROU,2012,YR2012,..
Romania,ROU,2013,YR2013,9
Romania,ROU,2014,YR2014,9
Romania,ROU,2015,YR2015,9
Romania,ROU,2016,YR2016,9
Romania,ROU,2017,YR2017,9
Romania,ROU,2018,YR2018,9
Romania,ROU,2019,YR2019,9
Russian Federation,RUS,2010,YR2010,..
Russian Federation,RUS,2011,YR2011,..
Russian Federation,RUS,2012,YR2012,..
Russian Federation,RUS,2013,YR2013,4
Russian Federation,RUS,2014,YR2014,4
Russian Federation,RUS,2015,YR2015,7
Russian Federation,RUS,2016,YR2016,7
Russian Federation,RUS,2017,YR2017,9
Russian Federation,RUS,2018,YR2018,9
Russian Federation,RUS,2019,YR2019,9
Rwanda,RWA,2010,YR2010,..
Rwanda,RWA,2011,YR2011,..
Rwanda,RWA,2012,YR2012,..
Rwanda,RWA,2013,YR2013,9
Rwanda,RWA,2014,YR2014,10
Rwanda,RWA,2015,YR2015,10
Rwanda,RWA,2016,YR2016,10
Rwanda,RWA,2017,YR2017,10
Rwanda,RWA,2018,YR2018,11
Rwanda,RWA,2019,YR2019,11
Samoa,WSM,2010,YR2010,..
Samoa,WSM,2011,YR2011,..
Samoa,WSM,2012,YR2012,..
Samoa,WSM,2013,YR2013,5
Samoa,WSM,2014,YR2014,5
Samoa,WSM,2015,YR2015,5
Samoa,WSM,2016,YR2016,5
Samoa,WSM,2017,YR2017,9
Samoa,WSM,2018,YR2018,9
Samoa,WSM,2019,YR2019,9
San Marino,SMR,2010,YR2010,..
San Marino,SMR,2011,YR2011,..
San Marino,SMR,2012,YR2012,..
San Marino,SMR,2013,YR2013,1
San Marino,SMR,2014,YR2014,1
San Marino,SMR,2015,YR2015,1
San Marino,SMR,2016,YR2016,1
San Marino,SMR,2017,YR2017,1
San Marino,SMR,2018,YR2018,1
San Marino,SMR,2019,YR2019,1
Sao Tome and Principe,STP,2010,YR2010,..
Sao Tome and Principe,STP,2011,YR2011,..
Sao Tome and Principe,STP,2012,YR2012,..
Sao Tome and Principe,STP,2013,YR2013,0
Sao Tome and Principe,STP,2014,YR2014,0
Sao Tome and Principe,STP,2015,YR2015,0
Sao Tome and Principe,STP,2016,YR2016,0
Sao Tome and Principe,STP,2017,YR2017,0
Sao Tome and Principe,STP,2018,YR2018,0
Sao Tome and Principe,STP,2019,YR2019,0
Saudi Arabia,SAU,2010,YR2010,..
Saudi Arabia,SAU,2011,YR2011,..
Saudi Arabia,SAU,2012,YR2012,..
Saudi Arabia,SAU,2013,YR2013,1
Saudi Arabia,SAU,2014,YR2014,1
Saudi Arabia,SAU,2015,YR2015,1
Saudi Arabia,SAU,2016,YR2016,1
Saudi Arabia,SAU,2017,YR2017,1
Saudi Arabia,SAU,2018,YR2018,1
Saudi Arabia,SAU,2019,YR2019,4
Senegal,SEN,2010,YR2010,..
Senegal,SEN,2011,YR2011,..
Senegal,SEN,2012,YR2012,..
Senegal,SEN,2013,YR2013,6
Senegal,SEN,2014,YR2014,6
Senegal,SEN,2015,YR2015,6
Senegal,SEN,2016,YR2016,6
Senegal,SEN,2017,YR2017,6
Senegal,SEN,2018,YR2018,6
Senegal,SEN,2019,YR2019,6
Serbia,SRB,2010,YR2010,..
Serbia,SRB,2011,YR2011,..
Serbia,SRB,2012,YR2012,..
Serbia,SRB,2013,YR2013,6
Serbia,SRB,2014,YR2014,6
Serbia,SRB,2015,YR2015,6
Serbia,SRB,2016,YR2016,6
Serbia,SRB,2017,YR2017,6
Serbia,SRB,2018,YR2018,6
Serbia,SRB,2019,YR2019,6
Seychelles,SYC,2010,YR2010,..
Seychelles,SYC,2011,YR2011,..
Seychelles,SYC,2012,YR2012,..
Seychelles,SYC,2013,YR2013,2
Seychelles,SYC,2014,YR2014,2
Seychelles,SYC,2015,YR2015,2
Seychelles,SYC,2016,YR2016,2
Seychelles,SYC,2017,YR2017,2
Seychelles,SYC,2018,YR2018,2
Seychelles,SYC,2019,YR2019,2
Sierra Leone,SLE,2010,YR2010,..
Sierra Leone,SLE,2011,YR2011,..
Sierra Leone,SLE,2012,YR2012,..
Sierra Leone,SLE,2013,YR2013,5
Sierra Leone,SLE,2014,YR2014,5
Sierra Leone,SLE,2015,YR2015,5
Sierra Leone,SLE,2016,YR2016,5
Sierra Leone,SLE,2017,YR2017,5
Sierra Leone,SLE,2018,YR2018,5
Sierra Leone,SLE,2019,YR2019,5
Singapore,SGP,2010,YR2010,..
Singapore,SGP,2011,YR2011,..
Singapore,SGP,2012,YR2012,..
Singapore,SGP,2013,YR2013,8
Singapore,SGP,2014,YR2014,8
Singapore,SGP,2015,YR2015,8
Singapore,SGP,2016,YR2016,8
Singapore,SGP,2017,YR2017,8
Singapore,SGP,2018,YR2018,8
Singapore,SGP,2019,YR2019,8
Sint Maarten (Dutch part),SXM,2010,YR2010,..
Sint Maarten (Dutch part),SXM,2011,YR2011,..
Sint Maarten (Dutch part),SXM,2012,YR2012,..
Sint Maarten (Dutch part),SXM,2013,YR2013,..
Sint Maarten (Dutch part),SXM,2014,YR2014,..
Sint Maarten (Dutch part),SXM,2015,YR2015,..
Sint Maarten (Dutch part),SXM,2016,YR2016,..
Sint Maarten (Dutch part),SXM,2017,YR2017,..
Sint Maarten (Dutch part),SXM,2018,YR2018,..
Sint Maarten (Dutch part),SXM,2019,YR2019,..
Slovak Republic,SVK,2010,YR2010,..
Slovak Republic,SVK,2011,YR2011,..
Slovak Republic,SVK,2012,YR2012,..
Slovak Republic,SVK,2013,YR2013,7
Slovak Republic,SVK,2014,YR2014,7
Slovak Republic,SVK,2015,YR2015,7
Slovak Republic,SVK,2016,YR2016,7
Slovak Republic,SVK,2017,YR2017,7
Slovak Republic,SVK,2018,YR2018,7
Slovak Republic,SVK,2019,YR2019,7
Slovenia,SVN,2010,YR2010,..
Slovenia,SVN,2011,YR2011,..
Slovenia,SVN,2012,YR2012,..
Slovenia,SVN,2013,YR2013,3
Slovenia,SVN,2014,YR2014,3
Slovenia,SVN,2015,YR2015,3
Slovenia,SVN,2016,YR2016,3
Slovenia,SVN,2017,YR2017,3
Slovenia,SVN,2018,YR2018,3
Slovenia,SVN,2019,YR2019,3
Solomon Islands,SLB,2010,YR2010,..
Solomon Islands,SLB,2011,YR2011,..
Solomon Islands,SLB,2012,YR2012,..
Solomon Islands,SLB,2013,YR2013,10
Solomon Islands,SLB,2014,YR2014,10
Solomon Islands,SLB,2015,YR2015,10
Solomon Islands,SLB,2016,YR2016,10
Solomon Islands,SLB,2017,YR2017,10
Solomon Islands,SLB,2018,YR2018,10
Solomon Islands,SLB,2019,YR2019,10
Somalia,SOM,2010,YR2010,..
Somalia,SOM,2011,YR2011,..
Somalia,SOM,2012,YR2012,..
Somalia,SOM,2013,YR2013,..
Somalia,SOM,2014,YR2014,..
Somalia,SOM,2015,YR2015,0
Somalia,SOM,2016,YR2016,0
Somalia,SOM,2017,YR2017,0
Somalia,SOM,2018,YR2018,0
Somalia,SOM,2019,YR2019,0
South Africa,ZAF,2010,YR2010,..
South Africa,ZAF,2011,YR2011,..
South Africa,ZAF,2012,YR2012,..
South Africa,ZAF,2013,YR2013,5
South Africa,ZAF,2014,YR2014,5
South Africa,ZAF,2015,YR2015,5
South Africa,ZAF,2016,YR2016,5
South Africa,ZAF,2017,YR2017,5
South Africa,ZAF,2018,YR2018,5
South Africa,ZAF,2019,YR2019,5
South Sudan,SSD,2010,YR2010,..
South Sudan,SSD,2011,YR2011,..
South Sudan,SSD,2012,YR2012,..
South Sudan,SSD,2013,YR2013,2
South Sudan,SSD,2014,YR2014,2
South Sudan,SSD,2015,YR2015,2
South Sudan,SSD,2016,YR2016,2
South Sudan,SSD,2017,YR2017,2
South Sudan,SSD,2018,YR2018,2
South Sudan,SSD,2019,YR2019,2
Spain,ESP,2010,YR2010,..
Spain,ESP,2011,YR2011,..
Spain,ESP,2012,YR2012,..
Spain,ESP,2013,YR2013,5
Spain,ESP,2014,YR2014,5
Spain,ESP,2015,YR2015,5
Spain,ESP,2016,YR2016,5
Spain,ESP,2017,YR2017,5
Spain,ESP,2018,YR2018,5
Spain,ESP,2019,YR2019,5
Sri Lanka,LKA,2010,YR2010,..
Sri Lanka,LKA,2011,YR2011,..
Sri Lanka,LKA,2012,YR2012,..
Sri Lanka,LKA,2013,YR2013,2
Sri Lanka,LKA,2014,YR2014,2
Sri Lanka,LKA,2015,YR2015,2
Sri Lanka,LKA,2016,YR2016,2
Sri Lanka,LKA,2017,YR2017,2
Sri Lanka,LKA,2018,YR2018,2
Sri Lanka,LKA,2019,YR2019,2
St. Kitts and Nevis,KNA,2010,YR2010,..
St. Kitts and Nevis,KNA,2011,YR2011,..
St. Kitts and Nevis,KNA,2012,YR2012,..
St. Kitts and Nevis,KNA,2013,YR2013,5
St. Kitts and Nevis,KNA,2014,YR2014,5
St. Kitts and Nevis,KNA,2015,YR2015,5
St. Kitts and Nevis,KNA,2016,YR2016,5
St. Kitts and Nevis,KNA,2017,YR2017,5
St. Kitts and Nevis,KNA,2018,YR2018,5
St. Kitts and Nevis,KNA,2019,YR2019,5
St. Lucia,LCA,2010,YR2010,..
St. Lucia,LCA,2011,YR2011,..
St. Lucia,LCA,2012,YR2012,..
St. Lucia,LCA,2013,YR2013,5
St. Lucia,LCA,2014,YR2014,5
St. Lucia,LCA,2015,YR2015,5
St. Lucia,LCA,2016,YR2016,5
St. Lucia,LCA,2017,YR2017,5
St. Lucia,LCA,2018,YR2018,5
St. Lucia,LCA,2019,YR2019,5
St. Martin (French part),MAF,2010,YR2010,..
St. Martin (French part),MAF,2011,YR2011,..
St. Martin (French part),MAF,2012,YR2012,..
St. Martin (French part),MAF,2013,YR2013,..
St. Martin (French part),MAF,2014,YR2014,..
St. Martin (French part),MAF,2015,YR2015,..
St. Martin (French part),MAF,2016,YR2016,..
St. Martin (French part),MAF,2017,YR2017,..
St. Martin (French part),MAF,2018,YR2018,..
St. Martin (French part),MAF,2019,YR2019,..
St. Vincent and the Grenadines,VCT,2010,YR2010,..
St. Vincent and the Grenadines,VCT,2011,YR2011,..
St. Vincent and the Grenadines,VCT,2012,YR2012,..
St. Vincent and the Grenadines,VCT,2013,YR2013,5
St. Vincent and the Grenadines,VCT,2014,YR2014,5
St. Vincent and the Grenadines,VCT,2015,YR2015,5
St. Vincent and the Grenadines,VCT,2016,YR2016,5
St. Vincent and the Grenadines,VCT,2017,YR2017,5
St. Vincent and the Grenadines,VCT,2018,YR2018,5
St. Vincent and the Grenadines,VCT,2019,YR2019,5
Sudan,SDN,2010,YR2010,..
Sudan,SDN,2011,YR2011,..
Sudan,SDN,2012,YR2012,..
Sudan,SDN,2013,YR2013,3
Sudan,SDN,2014,YR2014,3
Sudan,SDN,2015,YR2015,3
Sudan,SDN,2016,YR2016,3
Sudan,SDN,2017,YR2017,3
Sudan,SDN,2018,YR2018,5
Sudan,SDN,2019,YR2019,3
Suriname,SUR,2010,YR2010,..
Suriname,SUR,2011,YR2011,..
Suriname,SUR,2012,YR2012,..
Suriname,SUR,2013,YR2013,2
Suriname,SUR,2014,YR2014,2
Suriname,SUR,2015,YR2015,2
Suriname,SUR,2016,YR2016,2
Suriname,SUR,2017,YR2017,2
Suriname,SUR,2018,YR2018,2
Suriname,SUR,2019,YR2019,2
Sweden,SWE,2010,YR2010,..
Sweden,SWE,2011,YR2011,..
Sweden,SWE,2012,YR2012,..
Sweden,SWE,2013,YR2013,7
Sweden,SWE,2014,YR2014,7
Sweden,SWE,2015,YR2015,7
Sweden,SWE,2016,YR2016,7
Sweden,SWE,2017,YR2017,7
Sweden,SWE,2018,YR2018,7
Sweden,SWE,2019,YR2019,7
Switzerland,CHE,2010,YR2010,..
Switzerland,CHE,2011,YR2011,..
Switzerland,CHE,2012,YR2012,..
Switzerland,CHE,2013,YR2013,6
Switzerland,CHE,2014,YR2014,6
Switzerland,CHE,2015,YR2015,6
Switzerland,CHE,2016,YR2016,6
Switzerland,CHE,2017,YR2017,6
Switzerland,CHE,2018,YR2018,6
Switzerland,CHE,2019,YR2019,6
Syrian Arab Republic,SYR,2010,YR2010,..
Syrian Arab Republic,SYR,2011,YR2011,..
Syrian Arab Republic,SYR,2012,YR2012,..
Syrian Arab Republic,SYR,2013,YR2013,1
Syrian Arab Republic,SYR,2014,YR2014,1
Syrian Arab Republic,SYR,2015,YR2015,1
Syrian Arab Republic,SYR,2016,YR2016,1
Syrian Arab Republic,SYR,2017,YR2017,1
Syrian Arab Republic,SYR,2018,YR2018,1
Syrian Arab Republic,SYR,2019,YR2019,1
Tajikistan,TJK,2010,YR2010,..
Tajikistan,TJK,2011,YR2011,..
Tajikistan,TJK,2012,YR2012,..
Tajikistan,TJK,2013,YR2013,1
Tajikistan,TJK,2014,YR2014,1
Tajikistan,TJK,2015,YR2015,1
Tajikistan,TJK,2016,YR2016,1
Tajikistan,TJK,2017,YR2017,1
Tajikistan,TJK,2018,YR2018,1
Tajikistan,TJK,2019,YR2019,11
Tanzania,TZA,2010,YR2010,..
Tanzania,TZA,2011,YR2011,..
Tanzania,TZA,2012,YR2012,..
Tanzania,TZA,2013,YR2013,5
Tanzania,TZA,2014,YR2014,5
Tanzania,TZA,2015,YR2015,5
Tanzania,TZA,2016,YR2016,5
Tanzania,TZA,2017,YR2017,5
Tanzania,TZA,2018,YR2018,5
Tanzania,TZA,2019,YR2019,5
Thailand,THA,2010,YR2010,..
Thailand,THA,2011,YR2011,..
Thailand,THA,2012,YR2012,..
Thailand,THA,2013,YR2013,3
Thailand,THA,2014,YR2014,3
Thailand,THA,2015,YR2015,3
Thailand,THA,2016,YR2016,3
Thailand,THA,2017,YR2017,7
Thailand,THA,2018,YR2018,7
Thailand,THA,2019,YR2019,7
Timor-Leste,TLS,2010,YR2010,..
Timor-Leste,TLS,2011,YR2011,..
Timor-Leste,TLS,2012,YR2012,..
Timor-Leste,TLS,2013,YR2013,0
Timor-Leste,TLS,2014,YR2014,0
Timor-Leste,TLS,2015,YR2015,0
Timor-Leste,TLS,2016,YR2016,0
Timor-Leste,TLS,2017,YR2017,0
Timor-Leste,TLS,2018,YR2018,0
Timor-Leste,TLS,2019,YR2019,0
Togo,TGO,2010,YR2010,..
Togo,TGO,2011,YR2011,..
Togo,TGO,2012,YR2012,..
Togo,TGO,2013,YR2013,6
Togo,TGO,2014,YR2014,6
Togo,TGO,2015,YR2015,6
Togo,TGO,2016,YR2016,6
Togo,TGO,2017,YR2017,6
Togo,TGO,2018,YR2018,6
Togo,TGO,2019,YR2019,6
Tonga,TON,2010,YR2010,..
Tonga,TON,2011,YR2011,..
Tonga,TON,2012,YR2012,..
Tonga,TON,2013,YR2013,10
Tonga,TON,2014,YR2014,10
Tonga,TON,2015,YR2015,10
Tonga,TON,2016,YR2016,10
Tonga,TON,2017,YR2017,10
Tonga,TON,2018,YR2018,10
Tonga,TON,2019,YR2019,10
Trinidad and Tobago,TTO,2010,YR2010,..
Trinidad and Tobago,TTO,2011,YR2011,..
Trinidad and Tobago,TTO,2012,YR2012,..
Trinidad and Tobago,TTO,2013,YR2013,6
Trinidad and Tobago,TTO,2014,YR2014,7
Trinidad and Tobago,TTO,2015,YR2015,7
Trinidad and Tobago,TTO,2016,YR2016,7
Trinidad and Tobago,TTO,2017,YR2017,7
Trinidad and Tobago,TTO,2018,YR2018,7
Trinidad and Tobago,TTO,2019,YR2019,7
Tunisia,TUN,2010,YR2010,..
Tunisia,TUN,2011,YR2011,..
Tunisia,TUN,2012,YR2012,..
Tunisia,TUN,2013,YR2013,3
Tunisia,TUN,2014,YR2014,3
Tunisia,TUN,2015,YR2015,3
Tunisia,TUN,2016,YR2016,3
Tunisia,TUN,2017,YR2017,3
Tunisia,TUN,2018,YR2018,3
Tunisia,TUN,2019,YR2019,3
Turkey,TUR,2010,YR2010,..
Turkey,TUR,2011,YR2011,..
Turkey,TUR,2012,YR2012,..
Turkey,TUR,2013,YR2013,2
Turkey,TUR,2014,YR2014,2
Turkey,TUR,2015,YR2015,2
Turkey,TUR,2016,YR2016,2
Turkey,TUR,2017,YR2017,4
Turkey,TUR,2018,YR2018,7
Turkey,TUR,2019,YR2019,7
Turkmenistan,TKM,2010,YR2010,..
Turkmenistan,TKM,2011,YR2011,..
Turkmenistan,TKM,2012,YR2012,..
Turkmenistan,TKM,2013,YR2013,..
Turkmenistan,TKM,2014,YR2014,..
Turkmenistan,TKM,2015,YR2015,..
Turkmenistan,TKM,2016,YR2016,..
Turkmenistan,TKM,2017,YR2017,..
Turkmenistan,TKM,2018,YR2018,..
Turkmenistan,TKM,2019,YR2019,..
Turks and Caicos Islands,TCA,2010,YR2010,..
Turks and Caicos Islands,TCA,2011,YR2011,..
Turks and Caicos Islands,TCA,2012,YR2012,..
Turks and Caicos Islands,TCA,2013,YR2013,..
Turks and Caicos Islands,TCA,2014,YR2014,..
Turks and Caicos Islands,TCA,2015,YR2015,..
Turks and Caicos Islands,TCA,2016,YR2016,..
Turks and Caicos Islands,TCA,2017,YR2017,..
Turks and Caicos Islands,TCA,2018,YR2018,..
Turks and Caicos Islands,TCA,2019,YR2019,..
Tuvalu,TUV,2010,YR2010,..
Tuvalu,TUV,2011,YR2011,..
Tuvalu,TUV,2012,YR2012,..
Tuvalu,TUV,2013,YR2013,..
Tuvalu,TUV,2014,YR2014,..
Tuvalu,TUV,2015,YR2015,..
Tuvalu,TUV,2016,YR2016,..
Tuvalu,TUV,2017,YR2017,..
Tuvalu,TUV,2018,YR2018,..
Tuvalu,TUV,2019,YR2019,..
Uganda,UGA,2010,YR2010,..
Uganda,UGA,2011,YR2011,..
Uganda,UGA,2012,YR2012,..
Uganda,UGA,2013,YR2013,5
Uganda,UGA,2014,YR2014,5
Uganda,UGA,2015,YR2015,5
Uganda,UGA,2016,YR2016,5
Uganda,UGA,2017,YR2017,5
Uganda,UGA,2018,YR2018,5
Uganda,UGA,2019,YR2019,5
Ukraine,UKR,2010,YR2010,..
Ukraine,UKR,2011,YR2011,..
Ukraine,UKR,2012,YR2012,..
Ukraine,UKR,2013,YR2013,8
Ukraine,UKR,2014,YR2014,8
Ukraine,UKR,2015,YR2015,8
Ukraine,UKR,2016,YR2016,8
Ukraine,UKR,2017,YR2017,8
Ukraine,UKR,2018,YR2018,8
Ukraine,UKR,2019,YR2019,8
United Arab Emirates,ARE,2010,YR2010,..
United Arab Emirates,ARE,2011,YR2011,..
United Arab Emirates,ARE,2012,YR2012,..
United Arab Emirates,ARE,2013,YR2013,2
United Arab Emirates,ARE,2014,YR2014,2
United Arab Emirates,ARE,2015,YR2015,2
United Arab Emirates,ARE,2016,YR2016,2
United Arab Emirates,ARE,2017,YR2017,2
United Arab Emirates,ARE,2018,YR2018,6
United Arab Emirates,ARE,2019,YR2019,6
United Kingdom,GBR,2010,YR2010,..
United Kingdom,GBR,2011,YR2011,..
United Kingdom,GBR,2012,YR2012,..
United Kingdom,GBR,2013,YR2013,7
United Kingdom,GBR,2014,YR2014,7
United Kingdom,GBR,2015,YR2015,7
United Kingdom,GBR,2016,YR2016,7
United Kingdom,GBR,2017,YR2017,7
United Kingdom,GBR,2018,YR2018,7
United Kingdom,GBR,2019,YR2019,7
United States,USA,2010,YR2010,..
United States,USA,2011,YR2011,..
United States,USA,2012,YR2012,..
United States,USA,2013,YR2013,11
United States,USA,2014,YR2014,11
United States,USA,2015,YR2015,11
United States,USA,2016,YR2016,11
United States,USA,2017,YR2017,11
United States,USA,2018,YR2018,11
United States,USA,2019,YR2019,11
Uruguay,URY,2010,YR2010,..
Uruguay,URY,2011,YR2011,..
Uruguay,URY,2012,YR2012,..
Uruguay,URY,2013,YR2013,4
Uruguay,URY,2014,YR2014,4
Uruguay,URY,2015,YR2015,4
Uruguay,URY,2016,YR2016,4
Uruguay,URY,2017,YR2017,4
Uruguay,URY,2018,YR2018,4
Uruguay,URY,2019,YR2019,4
Uzbekistan,UZB,2010,YR2010,..
Uzbekistan,UZB,2011,YR2011,..
Uzbekistan,UZB,2012,YR2012,..
Uzbekistan,UZB,2013,YR2013,1
Uzbekistan,UZB,2014,YR2014,1
Uzbekistan,UZB,2015,YR2015,6
Uzbekistan,UZB,2016,YR2016,6
Uzbekistan,UZB,2017,YR2017,6
Uzbekistan,UZB,2018,YR2018,6
Uzbekistan,UZB,2019,YR2019,6
Vanuatu,VUT,2010,YR2010,..
Vanuatu,VUT,2011,YR2011,..
Vanuatu,VUT,2012,YR2012,..
Vanuatu,VUT,2013,YR2013,10
Vanuatu,VUT,2014,YR2014,10
Vanuatu,VUT,2015,YR2015,10
Vanuatu,VUT,2016,YR2016,11
Vanuatu,VUT,2017,YR2017,11
Vanuatu,VUT,2018,YR2018,11
Vanuatu,VUT,2019,YR2019,11
"Venezuela, RB",VEN,2010,YR2010,..
"Venezuela, RB",VEN,2011,YR2011,..
"Venezuela, RB",VEN,2012,YR2012,..
"Venezuela, RB",VEN,2013,YR2013,1
"Venezuela, RB",VEN,2014,YR2014,1
"Venezuela, RB",VEN,2015,YR2015,1
"Venezuela, RB",VEN,2016,YR2016,1
"Venezuela, RB",VEN,2017,YR2017,1
"Venezuela, RB",VEN,2018,YR2018,1
"Venezuela, RB",VEN,2019,YR2019,1
Vietnam,VNM,2010,YR2010,..
Vietnam,VNM,2011,YR2011,..
Vietnam,VNM,2012,YR2012,..
Vietnam,VNM,2013,YR2013,7
Vietnam,VNM,2014,YR2014,7
Vietnam,VNM,2015,YR2015,7
Vietnam,VNM,2016,YR2016,7
Vietnam,VNM,2017,YR2017,8
Vietnam,VNM,2018,YR2018,8
Vietnam,VNM,2019,YR2019,8
Virgin Islands (U.S.),VIR,2010,YR2010,..
Virgin Islands (U.S.),VIR,2011,YR2011,..
Virgin Islands (U.S.),VIR,2012,YR2012,..
Virgin Islands (U.S.),VIR,2013,YR2013,..
Virgin Islands (U.S.),VIR,2014,YR2014,..
Virgin Islands (U.S.),VIR,2015,YR2015,..
Virgin Islands (U.S.),VIR,2016,YR2016,..
Virgin Islands (U.S.),VIR,2017,YR2017,..
Virgin Islands (U.S.),VIR,2018,YR2018,..
Virgin Islands (U.S.),VIR,2019,YR2019,..
West Bank and Gaza,PSE,2010,YR2010,..
West Bank and Gaza,PSE,2011,YR2011,..
West Bank and Gaza,PSE,2012,YR2012,..
West Bank and Gaza,PSE,2013,YR2013,0
West Bank and Gaza,PSE,2014,YR2014,0
West Bank and Gaza,PSE,2015,YR2015,0
West Bank and Gaza,PSE,2016,YR2016,0
West Bank and Gaza,PSE,2017,YR2017,8
West Bank and Gaza,PSE,2018,YR2018,8
West Bank and Gaza,PSE,2019,YR2019,8
"Yemen, Rep.",YEM,2010,YR2010,..
"Yemen, Rep.",YEM,2011,YR2011,..
"Yemen, Rep.",YEM,2012,YR2012,..
"Yemen, Rep.",YEM,2013,YR2013,0
"Yemen, Rep.",YEM,2014,YR2014,0
"Yemen, Rep.",YEM,2015,YR2015,0
"Yemen, Rep.",YEM,2016,YR2016,0
"Yemen, Rep.",YEM,2017,YR2017,0
"Yemen, Rep.",YEM,2018,YR2018,0
"Yemen, Rep.",YEM,2019,YR2019,0
Zambia,ZMB,2010,YR2010,..
Zambia,ZMB,2011,YR2011,..
Zambia,ZMB,2012,YR2012,..
Zambia,ZMB,2013,YR2013,7
Zambia,ZMB,2014,YR2014,7
Zambia,ZMB,2015,YR2015,7
Zambia,ZMB,2016,YR2016,7
Zambia,ZMB,2017,YR2017,11
Zambia,ZMB,2018,YR2018,11
Zambia,ZMB,2019,YR2019,11
Zimbabwe,ZWE,2010,YR2010,..
Zimbabwe,ZWE,2011,YR2011,..
Zimbabwe,ZWE,2012,YR2012,..
Zimbabwe,ZWE,2013,YR2013,5
Zimbabwe,ZWE,2014,YR2014,5
Zimbabwe,ZWE,2015,YR2015,5
Zimbabwe,ZWE,2016,YR2016,5
Zimbabwe,ZWE,2017,YR2017,5
Zimbabwe,ZWE,2018,YR2018,5
Zimbabwe,ZWE,2019,YR2019,6
,,,,
,,,,
,,,,
Data from database: World Development Indicators,,,,
Last Updated: 10/15/2020,,,,
